"","Assay","time_contrast","estimate","SE","df","t.ratio","p","q"
"1","CCL25","week24 - week0",0.0217316017315988,0.147910349608636,82,0.146924145532072,0.883552525684976,0.977262642045504
"2","CCL25","week52 - week0",0.0557370129870124,0.147910349608636,82,0.376829702143834,0.707273564131588,0.989292669723712
"3","CCL25","week52 - week24",0.0340054112554136,0.147910349608636,82,0.229905556611761,0.818737702385798,0.967117350714616
"4","CFD","week24 - week0",-0.187782900432902,0.211940377780657,82,-0.886017579091245,0.378199076764185,0.865582065676754
"5","CFD","week52 - week0",-0.549696103896105,0.211940377780657,82,-2.59363557644028,0.0112449116123966,0.264799531517726
"6","CFD","week52 - week24",-0.361913203463203,0.211940377780657,82,-1.70761799734903,0.0914909238321716,0.821359378462206
"7","CLU","week24 - week0",-0.067563636363637,0.267530430014436,82,-0.252545612699053,0.801251343053395,0.97244903805597
"8","CLU","week52 - week0",-0.143798701298702,0.267530430014436,82,-0.537504093612613,0.592375176326846,0.989292669723712
"9","CLU","week52 - week24",-0.0762350649350652,0.267530430014436,82,-0.28495848091356,0.776394419147624,0.954154757538326
"10","AMY1A_AMY1B_AMY1C","week24 - week0",0.0740469696969687,0.220410406377982,82,0.335950424999378,0.737766358557908,0.962012827338402
"11","AMY1A_AMY1B_AMY1C","week52 - week0",-0.101844155844157,0.220410406377982,82,-0.462066004585574,0.645257612666278,0.989292669723712
"12","AMY1A_AMY1B_AMY1C","week52 - week24",-0.175891125541125,0.220410406377982,82,-0.798016429584952,0.427165988948277,0.86141207716089
"13","SPINK2","week24 - week0",-0.0907904761904787,0.142755476463106,82,-0.635985942115102,0.526556719229954,0.925765055919488
"14","SPINK2","week52 - week0",-0.133441991341992,0.142755476463106,82,-0.934759174555935,0.352657021265475,0.922722672128303
"15","SPINK2","week52 - week24",-0.0426515151515135,0.142755476463106,82,-0.298773232440833,0.765868931638215,0.954091476599915
"16","CD200R1","week24 - week0",-0.37453484848485,0.180218473132888,82,-2.07822673211019,0.0408157507746927,0.664532756054073
"17","CD200R1","week52 - week0",-0.270899567099568,0.180218473132888,82,-1.50317313419815,0.136636091551994,0.712459620235395
"18","CD200R1","week52 - week24",0.103635281385281,0.180218473132888,82,0.57505359791204,0.566829588177052,0.910484685798641
"19","DNPH1","week24 - week0",-0.0590021645021646,0.358550723529348,82,-0.164557371189728,0.869697355908629,0.976902147976808
"20","DNPH1","week52 - week0",0.0366220779220778,0.358550723529348,82,0.102139182879323,0.918895558151534,0.989292669723712
"21","DNPH1","week52 - week24",0.0956242424242424,0.358550723529348,82,0.266696554069052,0.790372338900343,0.958466621415501
"22","GNPDA2","week24 - week0",-0.255986147186148,0.277478420662504,82,-0.922544342637378,0.358951253900609,0.865582065676754
"23","GNPDA2","week52 - week0",0.0632571428571438,0.277478420662504,82,0.227971395779577,0.820235979440564,0.989292669723712
"24","GNPDA2","week52 - week24",0.319243290043292,0.277478420662504,82,1.15051573841696,0.253275621588388,0.821359378462206
"25","NFATC3","week24 - week0",-0.349842424242426,0.33601426588808,82,-1.04115348590274,0.30086437071547,0.853267848645464
"26","NFATC3","week52 - week0",0.0160751082251073,0.33601426588808,82,0.0478405527890937,0.961959645192143,0.989292669723712
"27","NFATC3","week52 - week24",0.365917532467534,0.33601426588808,82,1.08899403869184,0.279346675488943,0.821359378462206
"28","ADGRE2","week24 - week0",-0.240598051948053,0.106486626049259,82,-2.2594203692467,0.0265103271710395,0.621118835388796
"29","ADGRE2","week52 - week0",-0.123337445887446,0.106486626049259,82,-1.15824353220086,0.250126939722193,0.86556206373234
"30","ADGRE2","week52 - week24",0.117260606060607,0.106486626049259,82,1.10117683704584,0.274041604567561,0.821359378462206
"31","RNF168","week24 - week0",-0.434077272727274,0.340598811991948,82,-1.27445327888441,0.206102659850539,0.836903694877573
"32","RNF168","week52 - week0",0.448560606060607,0.340598811991948,82,1.31697642583442,0.191515131964304,0.825497707840298
"33","RNF168","week52 - week24",0.882637878787881,0.340598811991948,82,2.59142970471884,0.0113116428258049,0.821359378462206
"34","CD6","week24 - week0",-0.205426190476191,0.180081432812987,82,-1.14074053758515,0.257298649786786,0.853267848645464
"35","CD6","week52 - week0",-0.0984612554112546,0.180081432812987,82,-0.546759617986301,0.586028708679736,0.989292669723712
"36","CD6","week52 - week24",0.106964935064936,0.180081432812987,82,0.593980919598848,0.554160026514569,0.908811914527359
"37","SIGLEC1","week24 - week0",-0.0209759740259768,0.170253418594389,82,-0.123204421967878,0.902246704840316,0.98451434160453
"38","SIGLEC1","week52 - week0",-0.148139826839828,0.170253418594388,82,-0.870113669745197,0.386778312685302,0.936009948666461
"39","SIGLEC1","week52 - week24",-0.127163852813852,0.170253418594388,82,-0.746909247777318,0.457254650007095,0.870095040906987
"40","FGF19","week24 - week0",-0.360617965367967,0.34986786456091,82,-1.03072617378149,0.305699862828559,0.853267848645464
"41","FGF19","week52 - week0",0.0780943722943711,0.34986786456091,82,0.223211046811575,0.823926368881277,0.989292669723712
"42","FGF19","week52 - week24",0.438712337662338,0.34986786456091,82,1.25393722059306,0.213427857309957,0.821359378462206
"43","MEPE","week24 - week0",-0.108235714285714,0.139480375324864,82,-0.775992422114024,0.439985892734825,0.872102028279009
"44","MEPE","week52 - week0",-0.116363203463204,0.139480375324864,82,-0.834262190592637,0.406557075815947,0.936315691338011
"45","MEPE","week52 - week24",-0.00812748917748983,0.139480375324864,82,-0.0582697684786128,0.953675513231302,0.984700317763579
"46","CTSC","week24 - week0",-0.383322943722942,0.177558174188365,82,-2.15885833178421,0.0337839465137846,0.664532756054073
"47","CTSC","week52 - week0",-0.283899134199134,0.177558174188364,82,-1.59890771290516,0.113687436303722,0.668702665676293
"48","CTSC","week52 - week24",0.0994238095238079,0.177558174188365,82,0.559950618879045,0.577039629809281,0.910484685798641
"49","ZNF174","week24 - week0",-0.224607792207792,0.287537425227094,82,-0.781142809602609,0.43696793633821,0.87154806974561
"50","ZNF174","week52 - week0",0.162695238095238,0.287537425227094,82,0.565822824513168,0.573059376008687,0.989292669723712
"51","ZNF174","week52 - week24",0.38730303030303,0.287537425227094,82,1.34696563411578,0.181702099475856,0.821359378462206
"52","FSTL3","week24 - week0",-0.164682034632036,0.129108881844042,82,-1.27552831594471,0.205724012190296,0.836903694877573
"53","FSTL3","week52 - week0",-0.226961688311689,0.129108881844042,82,-1.75790917766486,0.0824946404581155,0.590402818964944
"54","FSTL3","week52 - week24",-0.0622796536796534,0.129108881844042,82,-0.482380861720144,0.630820602654009,0.920041313064554
"55","CD58","week24 - week0",-0.239079437229438,0.0997438863211186,82,-2.39693324621158,0.0188068431212864,0.566092169081432
"56","CD58","week52 - week0",-0.0919025974025977,0.0997438863211186,82,-0.921385769015693,0.359551972387654,0.925370007894372
"57","CD58","week52 - week24",0.14717683982684,0.0997438863211186,82,1.47554747719589,0.143895053182325,0.821359378462206
"58","LGALS3BP","week24 - week0",-0.379403246753247,0.283055978245041,82,-1.34038238339131,0.183823051938388,0.836903694877573
"59","LGALS3BP","week52 - week0",-0.785399350649352,0.283055978245041,82,-2.7747138764525,0.006840624143151,0.208068984354176
"60","LGALS3BP","week52 - week24",-0.405996103896105,0.283055978245041,82,-1.43433149306119,0.155280414471851,0.821359378462206
"61","COL5A1","week24 - week0",-0.260375541125539,0.145065940662093,82,-1.79487714302312,0.0763580704046174,0.728787311252389
"62","COL5A1","week52 - week0",-0.323448051948051,0.145065940662093,82,-2.22966225202006,0.0285039540234018,0.371569400662202
"63","COL5A1","week52 - week24",-0.063072510822512,0.145065940662093,82,-0.434785108996942,0.664860512597678,0.924543568839989
"64","C1QTNF9","week24 - week0",-0.118284848484846,0.115039915469148,82,-1.02820701842891,0.306875907930557,0.853267848645464
"65","C1QTNF9","week52 - week0",-0.105602813852813,0.115039915469148,82,-0.917966719830685,0.361328490654677,0.925370007894372
"66","C1QTNF9","week52 - week24",0.0126820346320333,0.115039915469148,82,0.110240298598224,0.912488164979947,0.971015102675453
"67","ECM1","week24 - week0",-0.231510822510824,0.295129150829807,82,-0.784439022237859,0.435042852145105,0.87154806974561
"68","ECM1","week52 - week0",-0.744530519480522,0.295129150829807,82,-2.52272782064104,0.0135776765709857,0.280800721681016
"69","ECM1","week52 - week24",-0.513019696969698,0.295129150829807,82,-1.73828879840318,0.0859135562070514,0.821359378462206
"70","HPCAL1","week24 - week0",-0.188760606060606,0.236528509823333,82,-0.798045893924562,0.427148987888277,0.87154806974561
"71","HPCAL1","week52 - week0",0.190935281385282,0.236528509823333,82,0.807240030083033,0.421863564888915,0.936315691338011
"72","HPCAL1","week52 - week24",0.379695887445888,0.236528509823333,82,1.60528592400759,0.112275505290547,0.821359378462206
"73","MICB_MICA","week24 - week0",0.0105136363636335,0.189716103502567,82,0.0554177329679937,0.955940473636976,0.994695336947633
"74","MICB_MICA","week52 - week0",-0.00926212121212617,0.189716103502567,82,-0.0488209542633837,0.961180700612562,0.989292669723712
"75","MICB_MICA","week52 - week24",-0.0197757575757597,0.189716103502567,82,-0.104238687231377,0.917234470669117,0.974319245549128
"76","CD160","week24 - week0",0.00635064935064548,0.223368355573831,82,0.028431284880666,0.977387254590525,0.995622722354238
"77","CD160","week52 - week0",0.0809043290043267,0.223368355573831,82,0.362201390597538,0.718133333010103,0.989292669723712
"78","CD160","week52 - week24",0.0745536796536813,0.223368355573831,82,0.333770105716872,0.739405086720793,0.954091476599915
"79","C1QTNF5","week24 - week0",-0.190437878787879,0.136276726635068,82,-1.39743508293861,0.166052400697484,0.836903694877573
"80","C1QTNF5","week52 - week0",-0.181930952380953,0.136276726635068,82,-1.3350111708226,0.185567306199389,0.816048997141891
"81","C1QTNF5","week52 - week24",0.00850692640692559,0.136276726635068,82,0.0624239121160143,0.950377162764467,0.984078480592994
"82","TLR3","week24 - week0",-0.0840482683982723,0.102732628436074,82,-0.81812633121299,0.415656126278515,0.87154806974561
"83","TLR3","week52 - week0",0.0694846320346311,0.102732628436074,82,0.676363810528497,0.500713049111406,0.989292669723712
"84","TLR3","week52 - week24",0.153532900432903,0.102732628436074,82,1.49449014174149,0.138885976605281,0.821359378462206
"85","CXCL1","week24 - week0",-1.26845497835498,0.586105510199825,82,-2.16420926997004,0.0333570681290731,0.664532756054073
"86","CXCL1","week52 - week0",-0.259678138528137,0.586105510199824,82,-0.443056982077516,0.658891196172234,0.989292669723712
"87","CXCL1","week52 - week24",1.00877683982684,0.586105510199825,82,1.72115228789252,0.0889942516765523,0.821359378462206
"88","CCL22","week24 - week0",-0.497999567099567,0.23799602081849,82,-2.09247014041201,0.0394886462671829,0.664532756054073
"89","CCL22","week52 - week0",-0.440312987012987,0.23799602081849,82,-1.85008549932352,0.0679032257902624,0.538797335074908
"90","CCL22","week52 - week24",0.0576865800865801,0.23799602081849,82,0.242384641088496,0.809087343837416,0.961944236158492
"91","LATS1","week24 - week0",-0.355952813852815,0.279458353011036,82,-1.2737240093831,0.206359815175292,0.836903694877573
"92","LATS1","week52 - week0",-0.271549134199135,0.279458353011036,82,-0.971698041133205,0.33405841507455,0.916071137979956
"93","LATS1","week52 - week24",0.0844036796536796,0.279458353011036,82,0.302025968249897,0.763396972830447,0.954091476599915
"94","AFAP1","week24 - week0",-0.27094696969697,0.190759755587153,82,-1.42035708141376,0.159294936615525,0.836903694877573
"95","AFAP1","week52 - week0",-0.0977086580086593,0.190759755587153,82,-0.512207921990228,0.609882351203045,0.989292669723712
"96","AFAP1","week52 - week24",0.173238311688311,0.190759755587153,82,0.908149159423529,0.366460727496321,0.821359378462206
"97","SYAP1","week24 - week0",-0.195942857142857,0.296168985629794,82,-0.661591411153975,0.510087959413115,0.920626399316496
"98","SYAP1","week52 - week0",0.0373664502164511,0.296168985629794,82,0.126165979658513,0.899909378453781,0.989292669723712
"99","SYAP1","week52 - week24",0.233309307359308,0.296168985629794,82,0.787757390812488,0.433109873052077,0.864056586634932
"100","EPHA1","week24 - week0",0.338587662337662,0.262517396029531,82,1.28977228731757,0.200755530263371,0.836903694877573
"101","EPHA1","week52 - week0",0.036578354978354,0.262517396029531,82,0.139336880266172,0.889525601412664,0.989292669723712
"102","EPHA1","week52 - week24",-0.302009307359308,0.262517396029531,82,-1.1504354070514,0.253308499504565,0.821359378462206
"103","CSF2RB","week24 - week0",-0.24832077922078,0.217827230052564,82,-1.13998961085286,0.257609554518326,0.853267848645464
"104","CSF2RB","week52 - week0",-0.000526839826840514,0.217827230052564,82,-0.00241861325929445,0.998076102073351,0.998628989242067
"105","CSF2RB","week52 - week24",0.24779393939394,0.217827230052564,82,1.13757099759357,0.258612731904212,0.821359378462206
"106","NPPC","week24 - week0",-0.197716883116884,0.267334794290657,82,-0.739585296562326,0.461663746572575,0.891081481134704
"107","NPPC","week52 - week0",-0.455709740259742,0.267334794290657,82,-1.70464058548352,0.0920477915355738,0.625226630840529
"108","NPPC","week52 - week24",-0.257992857142858,0.267334794290657,82,-0.965055288921193,0.337354662803941,0.821359378462206
"109","CHRDL1","week24 - week0",-0.200997402597404,0.17166936299014,82,-1.17084026582512,0.245054278316513,0.853267848645464
"110","CHRDL1","week52 - week0",-0.283915800865802,0.17166936299014,82,-1.65385247501681,0.101980920237304,0.655247480533601
"111","CHRDL1","week52 - week24",-0.0829183982683981,0.17166936299014,82,-0.483012209191692,0.630374180588251,0.920041313064554
"112","GCHFR","week24 - week0",-0.399805411255413,0.324191278787931,82,-1.23323925538708,0.221010098943374,0.849144064361384
"113","GCHFR","week52 - week0",-0.0624662337662339,0.324191278787931,82,-0.192683264027889,0.8476834511479,0.989292669723712
"114","GCHFR","week52 - week24",0.337339177489179,0.324191278787931,82,1.04055599135919,0.301140039548738,0.821359378462206
"115","CCL13","week24 - week0",-0.169716017316018,0.146932826043806,82,-1.15505855216737,0.25142126778901,0.853267848645464
"116","CCL13","week52 - week0",-0.00025324675324688,0.146932826043806,82,-0.00172355463422026,0.998628989242067,0.998628989242067
"117","CCL13","week52 - week24",0.169462770562771,0.146932826043806,82,1.15333499753315,0.252123675463598,0.821359378462206
"118","TGFB1","week24 - week0",-0.141664718614721,0.108207462319745,82,-1.30919546191844,0.19412494556086,0.836903694877573
"119","TGFB1","week52 - week0",0.0724313852813842,0.108207462319745,82,0.669375140388699,0.505136596887349,0.989292669723712
"120","TGFB1","week52 - week24",0.214096103896105,0.108207462319745,82,1.97857060230714,0.0512216502812828,0.821359378462206
"121","CKMT1A_CKMT1B","week24 - week0",0.0356683982683991,0.247294128151442,82,0.144234715700795,0.885669026845567,0.978121618150172
"122","CKMT1A_CKMT1B","week52 - week0",0.0403402597402591,0.247294128151442,82,0.163126638071871,0.870820085975679,0.989292669723712
"123","CKMT1A_CKMT1B","week52 - week24",0.00467186147186007,0.247294128151442,82,0.0188919223710765,0.984973216472798,0.993928994766839
"124","GLA","week24 - week0",0.142819047619048,0.343179707268875,82,0.416164023087622,0.678377206663568,0.94553529381538
"125","GLA","week52 - week0",0.302475324675324,0.343179707268875,82,0.881390473470916,0.380682736670695,0.931734332087105
"126","GLA","week52 - week24",0.159656277056277,0.343179707268875,82,0.465226450383294,0.643002453906166,0.920041313064554
"127","HGFAC","week24 - week0",-0.0752731601731621,0.112902349853915,82,-0.666710305592031,0.506828835848663,0.920626399316496
"128","HGFAC","week52 - week0",-0.211799783549785,0.112902349853915,82,-1.87595549449443,0.0642196543190327,0.532731223328339
"129","HGFAC","week52 - week24",-0.136526623376623,0.112902349853915,82,-1.2092451889024,0.23004369658251,0.821359378462206
"130","TYRP1","week24 - week0",-0.359382683982687,0.197414876972017,82,-1.82044377553992,0.0723397449291325,0.728787311252389
"131","TYRP1","week52 - week0",-0.224826839826841,0.197414876972016,82,-1.13885459533382,0.258079986360301,0.86556206373234
"132","TYRP1","week52 - week24",0.134555844155846,0.197414876972017,82,0.681589180206103,0.497419312309344,0.88134975239277
"133","ANXA11","week24 - week0",-0.18145064935065,0.0898311124802377,82,-2.01990874142372,0.0466583251812869,0.709595362132072
"134","ANXA11","week52 - week0",-0.127908225108225,0.0898311124802377,82,-1.42387444145661,0.158277027054196,0.775451206372905
"135","ANXA11","week52 - week24",0.053542424242425,0.0898311124802377,82,0.596034299967107,0.552794066978995,0.908811914527359
"136","MAP2K6","week24 - week0",0.14885303030303,0.206177996199021,82,0.721963706346939,0.472370591613714,0.900340814302901
"137","MAP2K6","week52 - week0",0.167095887445887,0.20617799619902,82,0.810444812377514,0.420030451929526,0.936315691338011
"138","MAP2K6","week52 - week24",0.0182428571428569,0.20617799619902,82,0.0884811060305746,0.929710039045759,0.975341137715443
"139","IL36G","week24 - week0",-0.280297402597404,0.207214384231015,82,-1.35269278548207,0.179872045450805,0.836903694877573
"140","IL36G","week52 - week0",-0.634869696969697,0.207214384231015,82,-3.06383024192908,0.00295669542941717,0.126963980204384
"141","IL36G","week52 - week24",-0.354572294372293,0.207214384231015,82,-1.71113745644701,0.0908362359950416,0.821359378462206
"142","SPINK4","week24 - week0",-0.0635735930735975,0.203349230820729,82,-0.31263257213716,0.755353520154448,0.970504567550235
"143","SPINK4","week52 - week0",-0.105003030303034,0.203349230820729,82,-0.516367973850877,0.606987181960415,0.989292669723712
"144","SPINK4","week52 - week24",-0.0414294372294364,0.203349230820729,82,-0.203735401713717,0.83906504121552,0.970683670495244
"145","POF1B","week24 - week0",-0.0218989177489196,0.201903906404725,82,-0.108462080495968,0.913894124911321,0.98726931229402
"146","POF1B","week52 - week0",-0.167846969696971,0.201903906404725,82,-0.831321061022537,0.408206505735688,0.936315691338011
"147","POF1B","week52 - week24",-0.145948051948051,0.201903906404725,82,-0.722858980526568,0.471823286950207,0.874190353994038
"148","LEG1","week24 - week0",-0.162372727272729,0.223171887622663,82,-0.727568014961038,0.468950397961344,0.898513885857694
"149","LEG1","week52 - week0",-0.357030303030306,0.223171887622663,82,-1.59979962903737,0.113489142449647,0.668702665676293
"150","LEG1","week52 - week24",-0.194657575757577,0.223171887622663,82,-0.87223161407633,0.385628873816552,0.836730856509649
"151","CD200","week24 - week0",-0.0896242424242427,0.102350644220947,82,-0.875658801235958,0.383773397370353,0.865582065676754
"152","CD200","week52 - week0",-0.121890692640693,0.102350644220947,82,-1.19091280341689,0.237123781930168,0.860602741638164
"153","CD200","week52 - week24",-0.0322664502164502,0.102350644220947,82,-0.315254002180931,0.753369691877164,0.954091476599915
"154","GP5","week24 - week0",0.0769536796536799,0.0958587389253254,82,0.802782099122203,0.424421398658119,0.87154806974561
"155","GP5","week52 - week0",0.0891722943722943,0.0958587389253253,82,0.930246896339417,0.354973842080882,0.925370007894372
"156","GP5","week52 - week24",0.0122186147186145,0.0958587389253253,82,0.127464797217214,0.898884600644539,0.970683670495244
"157","YWHAQ","week24 - week0",-0.312062987012988,0.282275658123608,82,-1.10552567333432,0.272164966238049,0.853267848645464
"158","YWHAQ","week52 - week0",0.0143482683982688,0.282275658123607,82,0.0508306968218483,0.959584046945969,0.989292669723712
"159","YWHAQ","week52 - week24",0.326411255411257,0.282275658123608,82,1.15635637015616,0.250893280743443,0.821359378462206
"160","ADAM12","week24 - week0",0.174661038961038,0.206756345304294,82,0.84476749046797,0.400698698633712,0.87154806974561
"161","ADAM12","week52 - week0",-0.173029004329006,0.206756345304294,82,-0.836873973924962,0.405095749135707,0.936315691338011
"162","ADAM12","week52 - week24",-0.347690043290044,0.206756345304294,82,-1.68164146439293,0.0964433639762961,0.821359378462206
"163","C1R","week24 - week0",-0.102167532467533,0.170790349014276,82,-0.59820436609678,0.551352315330278,0.939284725775812
"164","C1R","week52 - week0",-0.381063203463204,0.170790349014276,82,-2.2311752722711,0.0283995025077421,0.371569400662202
"165","C1R","week52 - week24",-0.278895670995671,0.170790349014276,82,-1.63297090617432,0.106309396761848,0.821359378462206
"166","RICTOR","week24 - week0",-0.186056709956706,0.210480087895943,82,-0.883963475199085,0.379300387258457,0.865582065676754
"167","RICTOR","week52 - week0",-0.0436376623376593,0.210480087895943,82,-0.20732442091735,0.836270508121704,0.989292669723712
"168","RICTOR","week52 - week24",0.142419047619047,0.210480087895943,82,0.676639054281735,0.500539259870772,0.882593380931555
"169","TNF","week24 - week0",-1.39006017316017,0.715277591121465,82,-1.94338560359585,0.0554003886829554,0.728787311252389
"170","TNF","week52 - week0",-0.739401948051947,0.715277591121464,82,-1.03372726509251,0.304302807870741,0.902742473418827
"171","TNF","week52 - week24",0.650658225108226,0.715277591121465,82,0.909658338503344,0.36566878974752,0.821359378462206
"172","APOA4","week24 - week0",-0.168196969696971,0.27139793857272,82,-0.619742989138081,0.537145340170729,0.930251448924731
"173","APOA4","week52 - week0",-0.518741774891776,0.27139793857272,82,-1.91136962063837,0.0594507413387039,0.53146561081171
"174","APOA4","week52 - week24",-0.350544805194805,0.27139793857272,82,-1.29162663150029,0.200115326866207,0.821359378462206
"175","F2","week24 - week0",-0.218806709956711,0.210439563477013,82,-1.03976032995626,0.301507403448897,0.853267848645464
"176","F2","week52 - week0",-0.376309307359309,0.210439563477013,82,-1.78820608226749,0.0774365430970537,0.578213781275631
"177","F2","week52 - week24",-0.157502597402598,0.210439563477013,82,-0.74844575231122,0.456332723269325,0.870095040906987
"178","RPA2","week24 - week0",-0.262818614718615,0.282843995217021,82,-0.929199909359781,0.355512810998747,0.865582065676754
"179","RPA2","week52 - week0",0.0845359307359315,0.282843995217021,82,0.298878293919829,0.765789050695258,0.989292669723712
"180","RPA2","week52 - week24",0.347354545454546,0.282843995217021,82,1.22807820327961,0.222931007313809,0.821359378462206
"181","TNFRSF4","week24 - week0",-0.244846320346322,0.176261071624152,82,-1.38911171984939,0.168559773583182,0.836903694877573
"182","TNFRSF4","week52 - week0",-0.229974675324676,0.176261071624152,82,-1.30473889217614,0.195631648570372,0.825497707840298
"183","TNFRSF4","week52 - week24",0.0148716450216458,0.176261071624152,82,0.0843728276732433,0.932965660242055,0.975737724894985
"184","SIGLEC10","week24 - week0",-0.355933549783551,0.187104435676218,82,-1.90232555683228,0.060639255898177,0.728787311252389
"185","SIGLEC10","week52 - week0",-0.21183354978355,0.187104435676218,82,-1.1321674390987,0.260863939176744,0.86556206373234
"186","SIGLEC10","week52 - week24",0.144100000000001,0.187104435676218,82,0.770158117733586,0.443419270296885,0.870095040906987
"187","S100A13","week24 - week0",-0.0472735930735947,0.115049286189322,82,-0.410898621272649,0.682218694514941,0.94553529381538
"188","S100A13","week52 - week0",-0.132837445887446,0.115049286189322,82,-1.15461338603051,0.251602554965396,0.86556206373234
"189","S100A13","week52 - week24",-0.0855638528138512,0.115049286189322,82,-0.743714764757862,0.459174795289318,0.870095040906987
"190","LPA","week24 - week0",-0.621048268398275,0.466644925735947,82,-1.33087972063302,0.186917417114058,0.836903694877573
"191","LPA","week52 - week0",-1.13055151515152,0.466644925735946,82,-2.42272325873581,0.0176076755581315,0.313502516035024
"192","LPA","week52 - week24",-0.509503246753246,0.466644925735946,82,-1.09184353810278,0.278099516987745,0.821359378462206
"193","OSM","week24 - week0",-0.762586363636362,0.569729025784911,82,-1.33850713079916,0.184430613512888,0.836903694877573
"194","OSM","week52 - week0",-0.34590238095238,0.569729025784911,82,-0.607134910277449,0.545438914854205,0.989292669723712
"195","OSM","week52 - week24",0.416683982683982,0.569729025784911,82,0.731372220521712,0.466636742086309,0.874190353994038
"196","MAPK9","week24 - week0",-0.460370779220778,0.266636039054392,82,-1.72658872691574,0.0880072532891889,0.783479206111072
"197","MAPK9","week52 - week0",-0.150601948051947,0.266636039054392,82,-0.564822177024708,0.57373668891814,0.989292669723712
"198","MAPK9","week52 - week24",0.309768831168831,0.266636039054392,82,1.16176654989103,0.248700766867743,0.821359378462206
"199","NUDC","week24 - week0",-0.0242207792207792,0.254561586059435,82,-0.095147031395083,0.924430172749801,0.988043962089831
"200","NUDC","week52 - week0",0.286312337662338,0.254561586059435,82,1.12472719114615,0.263986196722182,0.86556206373234
"201","NUDC","week52 - week24",0.310533116883117,0.254561586059435,82,1.21987422254124,0.226009468718175,0.821359378462206
"202","CCL26","week24 - week0",-0.44192532467532,0.385811385030759,82,-1.14544397034859,0.255357328122693,0.853267848645464
"203","CCL26","week52 - week0",-0.386353896103896,0.385811385030759,82,-1.0014061562053,0.319576462228178,0.910336885873302
"204","CCL26","week52 - week24",0.0555714285714239,0.385811385030759,82,0.144037814143285,0.88582401533593,0.970683670495244
"205","SCRIB","week24 - week0",-0.252342207792208,0.206883309671856,82,-1.21973207114898,0.226063080589415,0.853267848645464
"206","SCRIB","week52 - week0",0.00842640692640642,0.206883309671856,82,0.0407302403454963,0.96760996110218,0.989292669723712
"207","SCRIB","week52 - week24",0.260768614718614,0.206883309671856,82,1.26046231149447,0.211077624762307,0.821359378462206
"208","GMPR2","week24 - week0",-0.39126277056277,0.404786099172017,82,-0.966591420414613,0.336590521885153,0.865582065676754
"209","GMPR2","week52 - week0",0.101466883116884,0.404786099172016,82,0.250667904170704,0.802697898733632,0.989292669723712
"210","GMPR2","week52 - week24",0.492729653679654,0.404786099172017,82,1.21725932458532,0.226997146954221,0.821359378462206
"211","METAP1D","week24 - week0",-0.505062770562771,0.353718663382479,82,-1.427865766915,0.15712803725896,0.836903694877573
"212","METAP1D","week52 - week0",-0.0836803030303023,0.353718663382479,82,-0.236573049977343,0.813577998001929,0.989292669723712
"213","METAP1D","week52 - week24",0.421382467532469,0.353718663382479,82,1.19129271693765,0.236975482919637,0.821359378462206
"214","CCL24","week24 - week0",-0.550025324675324,0.158499115687609,82,-3.47021068407339,0.000831925300935466,0.0669964480625874
"215","CCL24","week52 - week0",-0.432384848484848,0.158499115687609,82,-2.72799533681343,0.0077931334423625,0.218807208189409
"216","CCL24","week52 - week24",0.117640476190476,0.158499115687609,82,0.742215347259967,0.460077651767256,0.870095040906987
"217","PRDX3","week24 - week0",-0.418612770562772,0.291774723575463,82,-1.43471225140071,0.155172136238071,0.836903694877573
"218","PRDX3","week52 - week0",0.0819696969696962,0.291774723575463,82,0.280934880051376,0.779467986054863,0.989292669723712
"219","PRDX3","week52 - week24",0.500582467532468,0.291774723575463,82,1.71564713145208,0.0900029619979466,0.821359378462206
"220","LHPP","week24 - week0",-0.509372294372295,0.408741858819253,82,-1.24619557156132,0.216241151113563,0.839659788898411
"221","LHPP","week52 - week0",-0.153583982683982,0.408741858819253,82,-0.375748114293078,0.708074472966088,0.989292669723712
"222","LHPP","week52 - week24",0.355788311688314,0.408741858819253,82,0.870447457268242,0.386597020208969,0.836730856509649
"223","PGF","week24 - week0",-0.079299567099568,0.120412535254216,82,-0.658565712715459,0.512019613866435,0.920626399316496
"224","PGF","week52 - week0",0.006720562770562,0.120412535254216,82,0.0558128167999577,0.955626693496507,0.989292669723712
"225","PGF","week52 - week24",0.08602012987013,0.120412535254216,82,0.714378529515417,0.47702187146937,0.877143491618741
"226","VAMP8","week24 - week0",-0.124974025974025,0.156568965306503,82,-0.798204329506638,0.427057576710243,0.87154806974561
"227","VAMP8","week52 - week0",0.0219164502164507,0.156568965306503,82,0.13997953025714,0.889019422493921,0.989292669723712
"228","VAMP8","week52 - week24",0.146890476190476,0.156568965306503,82,0.938183859763778,0.350905141843157,0.821359378462206
"229","REPS1","week24 - week0",0.11786471861472,0.325551012620856,82,0.362046849941726,0.71824837573976,0.958539879872075
"230","REPS1","week52 - week0",-0.195583116883116,0.325551012620856,82,-0.600775636692295,0.549646451140348,0.989292669723712
"231","REPS1","week52 - week24",-0.313447835497836,0.325551012620856,82,-0.96282248663402,0.33846738219889,0.821359378462206
"232","NCR1","week24 - week0",-0.160088311688314,0.14757088031015,82,-1.08482318023621,0.281179135412305,0.853267848645464
"233","NCR1","week52 - week0",-0.187305627705629,0.14757088031015,82,-1.26925872714162,0.207939540750897,0.834043212901948
"234","NCR1","week52 - week24",-0.0272173160173151,0.14757088031015,82,-0.184435546905409,0.854127154365322,0.970683670495244
"235","ALDH3A1","week24 - week0",0.153595887445886,0.219537602732471,82,0.6996336187248,0.486136172660818,0.914750880192837
"236","ALDH3A1","week52 - week0",-0.0105967532467525,0.219537602732471,82,-0.0482685112475505,0.961619620791163,0.989292669723712
"237","ALDH3A1","week52 - week24",-0.164192640692639,0.219537602732471,82,-0.747902129972351,0.45665878344678,0.870095040906987
"238","ITGAL","week24 - week0",-0.360754978354978,0.536008196448754,82,-0.673040040702938,0.502814250712606,0.920626399316496
"239","ITGAL","week52 - week0",0.30913722943723,0.536008196448754,82,0.576739742946797,0.565695201095827,0.989292669723712
"240","ITGAL","week52 - week24",0.669892207792209,0.536008196448754,82,1.24977978364973,0.214935296448432,0.821359378462206
"241","MEGF10","week24 - week0",-0.174340692640694,0.10746650869196,82,-1.62227930136281,0.108582380515733,0.817190982494432
"242","MEGF10","week52 - week0",-0.117318614718616,0.10746650869196,82,-1.09167605932835,0.278172711552798,0.887628358681639
"243","MEGF10","week52 - week24",0.0570220779220783,0.10746650869196,82,0.530603242034457,0.597127853325797,0.916473752585181
"244","IRAK4","week24 - week0",-0.235701298701299,0.287628180658147,82,-0.819465249065548,0.414896478245683,0.87154806974561
"245","IRAK4","week52 - week0",0.0846114718614721,0.287628180658147,82,0.294169617413235,0.769371656596852,0.989292669723712
"246","IRAK4","week52 - week24",0.320312770562771,0.287628180658147,82,1.11363486647878,0.26868960289735,0.821359378462206
"247","RABEP1","week24 - week0",-0.341412770562769,0.315254157384492,82,-1.08297626713412,0.281993222281365,0.853267848645464
"248","RABEP1","week52 - week0",0.0342292207792221,0.315254157384491,82,0.108576588055825,0.913803580434639,0.989292669723712
"249","RABEP1","week52 - week24",0.375641991341991,0.315254157384492,82,1.19155285518995,0.236873976622688,0.821359378462206
"250","KYNU","week24 - week0",-0.0639409090909087,0.205486072632243,82,-0.311169064997136,0.756461779364498,0.970504567550235
"251","KYNU","week52 - week0",0.231895670995673,0.205486072632243,82,1.12852257101967,0.262390222585931,0.86556206373234
"252","KYNU","week52 - week24",0.295836580086581,0.205486072632243,82,1.4396916360168,0.15376149121178,0.821359378462206
"253","LRG1","week24 - week0",-0.292734415584417,0.28787912097282,82,-1.01686574071503,0.31220824039558,0.858575812077911
"254","LRG1","week52 - week0",-0.591113419913422,0.28787912097282,82,-2.05333897753992,0.0432271019333445,0.450796920162022
"255","LRG1","week52 - week24",-0.298379004329005,0.28787912097282,82,-1.0364732368249,0.303028303187411,0.821359378462206
"256","BCR","week24 - week0",0.096943506493507,0.20738680535039,82,0.467452624720826,0.641415958072578,0.94553529381538
"257","BCR","week52 - week0",0.289777056277056,0.20738680535039,82,1.39727817200069,0.166099403707802,0.792005903782368
"258","BCR","week52 - week24",0.192833549783549,0.20738680535039,82,0.929825547279865,0.355190681349948,0.821359378462206
"259","MLN","week24 - week0",0.136156060606059,0.265728268467804,82,0.512388318304026,0.609756675696535,0.939634152089483
"260","MLN","week52 - week0",0.011661904761904,0.265728268467804,82,0.0438865794337457,0.965101507528571,0.989292669723712
"261","MLN","week52 - week24",-0.124494155844155,0.265728268467804,82,-0.46850173887028,0.640668878001558,0.920041313064554
"262","IL1B","week24 - week0",-1.80407012987012,1.25988941284839,82,-1.43192736717379,0.155965437604906,0.836903694877573
"263","IL1B","week52 - week0",-0.485049783549779,1.25988941284839,82,-0.384993935660723,0.701238698014803,0.989292669723712
"264","IL1B","week52 - week24",1.31902034632034,1.25988941284839,82,1.04693343151306,0.298206490388325,0.821359378462206
"265","CST1","week24 - week0",-0.492100865800865,0.359703924691971,82,-1.36807199482817,0.175026822972331,0.836903694877573
"266","CST1","week52 - week0",-0.327208874458875,0.359703924691971,82,-0.909661674498207,0.365667040398846,0.925370007894372
"267","CST1","week52 - week24",0.16489199134199,0.359703924691971,82,0.45841032032996,0.647870301374364,0.920041313064554
"268","TLR4","week24 - week0",-0.0796867965367959,0.230659181334011,82,-0.34547420170283,0.730622597935019,0.962012827338402
"269","TLR4","week52 - week0",0.198206926406926,0.230659181334011,82,0.859306467926407,0.392676620094914,0.936009948666461
"270","TLR4","week52 - week24",0.277893722943722,0.230659181334011,82,1.20478066962924,0.231753659616797,0.821359378462206
"271","WNT9A","week24 - week0",0.155209307359306,0.177399498223127,82,0.874914015619642,0.384176149697628,0.865582065676754
"272","WNT9A","week52 - week0",-0.0146805194805204,0.177399498223127,82,-0.0827540079175183,0.934248817078758,0.989292669723712
"273","WNT9A","week52 - week24",-0.169889826839826,0.177399498223127,82,-0.95766802353716,0.34104526697433,0.821359378462206
"274","DBH","week24 - week0",0.00109632034631862,0.122739087990203,82,0.00893212068193083,0.992894988868336,0.995622722354238
"275","DBH","week52 - week0",-0.072751948051947,0.122739087990203,82,-0.592736586553047,0.554988605520428,0.989292669723712
"276","DBH","week52 - week24",-0.0738482683982657,0.122739087990203,82,-0.601668707234978,0.549054579730244,0.908811914527359
"277","SEMA3G","week24 - week0",-0.428610606060605,0.151602333073164,82,-2.82720323211488,0.00589833002595299,0.296623150505434
"278","SEMA3G","week52 - week0",-0.298562987012987,0.151602333073164,82,-1.96938253495677,0.0522860869800484,0.495699266174485
"279","SEMA3G","week52 - week24",0.130047619047618,0.151602333073164,82,0.857820697158114,0.393491837857135,0.847342305710056
"280","PLG","week24 - week0",-0.117992640692641,0.233115316914701,82,-0.506155675458323,0.614105501652325,0.941680092178103
"281","PLG","week52 - week0",-0.509554978354981,0.233115316914701,82,-2.18584941178031,0.0316782787532156,0.386061699416008
"282","PLG","week52 - week24",-0.391562337662339,0.233115316914701,82,-1.67969373632199,0.0968233385539075,0.821359378462206
"283","SSBP1","week24 - week0",-0.291551082251083,0.466090280692946,82,-0.62552491293667,0.533363701146438,0.927036909135475
"284","SSBP1","week52 - week0",0.254138528138528,0.466090280692946,82,0.545256012978206,0.587057535302933,0.989292669723712
"285","SSBP1","week52 - week24",0.545689610389611,0.466090280692946,82,1.17078092591488,0.245078000716678,0.821359378462206
"286","C9","week24 - week0",-0.379835281385283,0.229982481892264,82,-1.65158353914633,0.102444212533552,0.791659460123049
"287","C9","week52 - week0",-0.219333549783551,0.229982481892264,82,-0.953696768462121,0.343040106968914,0.916071137979956
"288","C9","week52 - week24",0.160501731601732,0.229982481892264,82,0.697886770684209,0.487222275143435,0.877166347541417
"289","IL15RA","week24 - week0",-0.0979545454545465,0.165502726510993,82,-0.591860614743648,0.555572269010929,0.939284725775812
"290","IL15RA","week52 - week0",0.0963564935064929,0.165502726510993,82,0.582204870806721,0.562026080253894,0.989292669723712
"291","IL15RA","week52 - week24",0.194311038961039,0.165502726510993,82,1.17406548555037,0.243767394870531,0.821359378462206
"292","IL18R1","week24 - week0",-0.0434543290043291,0.101360676242766,82,-0.428709935796528,0.669258454451968,0.94553529381538
"293","IL18R1","week52 - week0",0.0976729437229433,0.101360676242766,82,0.963617719844423,0.338070802063744,0.916071137979956
"294","IL18R1","week52 - week24",0.141127272727272,0.101360676242766,82,1.39232765564095,0.167587579437228,0.821359378462206
"295","PKLR","week24 - week0",-0.152961471861476,0.485774063303875,82,-0.314881924368595,0.753651169830235,0.970309266271731
"296","PKLR","week52 - week0",-0.226485714285716,0.485774063303874,82,-0.466236737188742,0.642282261201226,0.989292669723712
"297","PKLR","week52 - week24",-0.0735242424242403,0.485774063303875,82,-0.151354812820147,0.880067574821471,0.970683670495244
"298","AHSG","week24 - week0",-0.0398019480519487,0.150938765839887,82,-0.263695995064448,0.792675724600426,0.97244903805597
"299","AHSG","week52 - week0",-0.234451948051949,0.150938765839887,82,-1.55329180510626,0.124204704774826,0.682407315420834
"300","AHSG","week52 - week24",-0.194650000000001,0.150938765839887,82,-1.28959581004181,0.200816537424382,0.821359378462206
"301","FGF20","week24 - week0",-0.0663352813852809,0.162390125980165,82,-0.408493318081317,0.683976337423146,0.94553529381538
"302","FGF20","week52 - week0",0.240345454545455,0.162390125980165,82,1.48004968340754,0.14269191938381,0.738111226653297
"303","FGF20","week52 - week24",0.306680735930736,0.162390125980165,82,1.88854300148886,0.062488997849864,0.821359378462206
"304","AKR7L","week24 - week0",-0.487825974025974,0.244665219078466,82,-1.99385092766097,0.049492340423684,0.722588170185787
"305","AKR7L","week52 - week0",-0.137729437229437,0.244665219078466,82,-0.562930185778743,0.575018384568194,0.989292669723712
"306","AKR7L","week52 - week24",0.350096536796536,0.244665219078466,82,1.43092074188223,0.156252954456278,0.821359378462206
"307","SMPD3","week24 - week0",-0.350193506493506,0.270792119448504,82,-1.29321897257096,0.199566791315562,0.836903694877573
"308","SMPD3","week52 - week0",-0.691793073593073,0.270792119448504,82,-2.55470164716013,0.0124765949246898,0.275997402879502
"309","SMPD3","week52 - week24",-0.341599567099567,0.270792119448504,82,-1.26148267458917,0.210711836281633,0.821359378462206
"310","CD3G","week24 - week0",-0.476205844155844,0.288827553115408,82,-1.64875490242984,0.103024176317383,0.791659460123049
"311","CD3G","week52 - week0",-0.515485497835497,0.288827553115408,82,-1.78475180873593,0.0779999233188558,0.578213781275631
"312","CD3G","week52 - week24",-0.0392796536796531,0.288827553115408,82,-0.135996906306089,0.892157043324337,0.970683670495244
"313","MRC1","week24 - week0",0.224922943722942,0.301104649313953,82,0.746992596213358,0.457204612333132,0.891081481134704
"314","MRC1","week52 - week0",0.0862852813852793,0.301104649313953,82,0.286562434628209,0.775170173789991,0.989292669723712
"315","MRC1","week52 - week24",-0.138637662337663,0.301104649313953,82,-0.460430161585149,0.646426188075358,0.920041313064554
"316","TNFRSF17","week24 - week0",-0.460103463203464,0.114844485691039,82,-4.006317416417,0.000134983881584203,0.0197076467112937
"317","TNFRSF17","week52 - week0",-0.473691341991343,0.114844485691039,82,-4.12463288194517,8.85308060300743e-05,0.00807843605024428
"318","TNFRSF17","week52 - week24",-0.0135878787878784,0.114844485691039,82,-0.118315465528168,0.906107055705843,0.970683670495244
"319","NUB1","week24 - week0",-0.404194155844157,0.371224433526332,82,-1.08881344906271,0.279425845591981,0.853267848645464
"320","NUB1","week52 - week0",0.11102683982684,0.371224433526332,82,0.299082791432059,0.76563357325352,0.989292669723712
"321","NUB1","week52 - week24",0.515220995670997,0.371224433526332,82,1.38789624049477,0.168928339706871,0.821359378462206
"322","THSD1","week24 - week0",-0.298817099567099,0.341171007846285,82,-0.875857246644275,0.383666129908598,0.865582065676754
"323","THSD1","week52 - week0",-0.166788311688313,0.341171007846284,82,-0.488870120416151,0.626238655052502,0.989292669723712
"324","THSD1","week52 - week24",0.132028787878787,0.341171007846285,82,0.386987126228125,0.699768257447519,0.944293783588874
"325","SELPLG","week24 - week0",-0.0844510822510815,0.0621317226981984,82,-1.35922647214046,0.177801344246936,0.836903694877573
"326","SELPLG","week52 - week0",-0.0678835497835492,0.0621317226981983,82,-1.0925747240792,0.277780117426032,0.887628358681639
"327","SELPLG","week52 - week24",0.0165675324675324,0.0621317226981984,82,0.266651748061265,0.790406720674153,0.958466621415501
"328","ACP1","week24 - week0",-0.17695108225108,0.326732334502923,82,-0.541578116289854,0.589577682648107,0.939634152089483
"329","ACP1","week52 - week0",0.0535465367965402,0.326732334502923,82,0.163885024963947,0.870224928700015,0.989292669723712
"330","ACP1","week52 - week24",0.23049761904762,0.326732334502923,82,0.705463141253801,0.482521336932173,0.877166347541417
"331","APPL2","week24 - week0",0.0222309523809531,0.331007753261751,82,0.0671614249572383,0.946616682450574,0.994695336947633
"332","APPL2","week52 - week0",0.360377056277057,0.331007753261751,82,1.08872693381319,0.279463779193828,0.887628358681639
"333","APPL2","week52 - week24",0.338146103896104,0.331007753261751,82,1.02156550885595,0.309991049565756,0.821359378462206
"334","TREM2","week24 - week0",0.0250640692640683,0.160493524146278,82,0.156168726416801,0.876283862583677,0.977262642045504
"335","TREM2","week52 - week0",0.107950216450216,0.160493524146278,82,0.672614157016251,0.503083826028266,0.989292669723712
"336","TREM2","week52 - week24",0.0828861471861476,0.160493524146278,82,0.51644543059945,0.606933335610816,0.916473752585181
"337","CRELD1","week24 - week0",-0.0182240259740265,0.122417324823427,82,-0.148868029915803,0.882023272512146,0.977262642045504
"338","CRELD1","week52 - week0",0.084236580086579,0.122417324823427,82,0.688109956724515,0.493325570502037,0.989292669723712
"339","CRELD1","week52 - week24",0.102460606060605,0.122417324823427,82,0.836977986640319,0.405037618953318,0.854417010924208
"340","IL17RB","week24 - week0",0.122441558441556,0.214590507177278,82,0.57058236197002,0.569843065477759,0.939634152089483
"341","IL17RB","week52 - week0",-0.00819848484848511,0.214590507177278,82,-0.0382052540735744,0.969616892640111,0.989292669723712
"342","IL17RB","week52 - week24",-0.130640043290041,0.214590507177278,82,-0.608787616043595,0.544348092576297,0.908811914527359
"343","DDI2","week24 - week0",0.157701731601729,0.529759019097147,82,0.297685789041395,0.766695891586182,0.97244903805597
"344","DDI2","week52 - week0",0.0284597402597398,0.529759019097147,82,0.0537220495240324,0.957287283357754,0.989292669723712
"345","DDI2","week52 - week24",-0.12924199134199,0.529759019097147,82,-0.243963739517362,0.807868262851788,0.961944236158492
"346","GIPR","week24 - week0",-0.395121428571431,0.535373887491529,82,-0.73802895098742,0.462603788784426,0.891081481134704
"347","GIPR","week52 - week0",-0.224651731601732,0.535373887491529,82,-0.419616527534296,0.675862961987199,0.989292669723712
"348","GIPR","week52 - week24",0.170469696969698,0.535373887491529,82,0.318412423453125,0.750981684685919,0.954091476599915
"349","RNF31","week24 - week0",-0.291945454545459,0.391850033610151,82,-0.745043842042677,0.458375352946967,0.891081481134704
"350","RNF31","week52 - week0",-0.215442207792209,0.391850033610151,82,-0.549807807357626,0.583945633815461,0.989292669723712
"351","RNF31","week52 - week24",0.0765032467532499,0.391850033610151,82,0.195236034685051,0.845691123194173,0.970683670495244
"352","IFNG","week24 - week0",0.196398268398268,0.680160746505064,82,0.288752724127996,0.773499316897254,0.97244903805597
"353","IFNG","week52 - week0",0.185385714285711,0.680160746505064,82,0.272561619055932,0.785875407508807,0.989292669723712
"354","IFNG","week52 - week24",-0.0110125541125568,0.680160746505064,82,-0.0161911050720637,0.987121261925971,0.993928994766839
"355","CFHR2","week24 - week0",-0.494835930735932,0.292105151084302,82,-1.69403356599186,0.0940542045764468,0.789190452193174
"356","CFHR2","week52 - week0",-0.701036363636365,0.292105151084302,82,-2.39994522874417,0.0186631378571355,0.316492746546401
"357","CFHR2","week52 - week24",-0.206200432900434,0.292105151084302,82,-0.705911662752308,0.482243830288251,0.877166347541417
"358","PLA2G4A","week24 - week0",-0.0332567099567099,0.220507414676726,82,-0.150819009897993,0.88048888744478,0.977262642045504
"359","PLA2G4A","week52 - week0",0.319063852813853,0.220507414676726,82,1.44695294387999,0.151722205224338,0.764229796245391
"360","PLA2G4A","week52 - week24",0.352320562770563,0.220507414676726,82,1.59777195377798,0.113940344267882,0.821359378462206
"361","SULT2A1","week24 - week0",0.00749913419913281,0.286097827097964,82,0.0262117831344626,0.979152102795533,0.995622722354238
"362","SULT2A1","week52 - week0",-0.109500649350651,0.286097827097964,82,-0.382738486556754,0.702903990323719,0.989292669723712
"363","SULT2A1","week52 - week24",-0.116999783549783,0.286097827097964,82,-0.408950269691217,0.683642291637816,0.936252078659557
"364","C1S","week24 - week0",-0.322750216450217,0.3131246661541,82,-1.03074031316134,0.305693270586586,0.853267848645464
"365","C1S","week52 - week0",-0.629290476190477,0.3131246661541,82,-2.00971224630633,0.047750279338917,0.464769385565459
"366","C1S","week52 - week24",-0.306540259740259,0.3131246661541,82,-0.97897193314499,0.330473327472089,0.821359378462206
"367","C5","week24 - week0",-0.180982900432901,0.196923631557915,82,-0.919051202748484,0.360764393548057,0.865582065676754
"368","C5","week52 - week0",-0.411066017316018,0.196923631557915,82,-2.08743873990118,0.0399531148087584,0.432496082301877
"369","C5","week52 - week24",-0.230083116883117,0.196923631557915,82,-1.1683875371527,0.246036177228191,0.821359378462206
"370","ORM1","week24 - week0",-0.228538311688313,0.207766140593926,82,-1.09997861554827,0.274560247521564,0.853267848645464
"371","ORM1","week52 - week0",-0.544353246753249,0.207766140593926,82,-2.62002867838401,0.0104736414863259,0.261284227433025
"372","ORM1","week52 - week24",-0.315814935064936,0.207766140593926,82,-1.52005006283574,0.132345073451094,0.821359378462206
"373","TPD52L2","week24 - week0",-0.203289826839826,0.245223039375037,82,-0.828999703118923,0.409511220372692,0.87154806974561
"374","TPD52L2","week52 - week0",0.0548852813852823,0.245223039375037,82,0.223817800828014,0.823455769521482,0.989292669723712
"375","TPD52L2","week52 - week24",0.258175108225108,0.245223039375037,82,1.05281750394694,0.295517179497864,0.821359378462206
"376","NME1","week24 - week0",-0.0214954545454545,0.120641510454548,82,-0.178176271703371,0.859023992519955,0.976771829500884
"377","NME1","week52 - week0",0.0175391774891771,0.120641510454548,82,0.145382608549029,0.884765566840722,0.989292669723712
"378","NME1","week52 - week24",0.0390346320346316,0.120641510454548,82,0.3235588802524,0.747095779241343,0.954091476599915
"379","PTP4A3","week24 - week0",-0.238988961038961,0.185779780830385,82,-1.28640996329496,0.201920236306939,0.836903694877573
"380","PTP4A3","week52 - week0",-0.446027056277057,0.185779780830385,82,-2.40083745541865,0.0186207568904316,0.316492746546401
"381","PTP4A3","week52 - week24",-0.207038095238095,0.185779780830385,82,-1.11442749212369,0.268351579036107,0.821359378462206
"382","MTDH","week24 - week0",-0.0523865800865794,0.278209742974516,82,-0.18829886950213,0.851107590232617,0.97244903805597
"383","MTDH","week52 - week0",0.0877757575757576,0.278209742974515,82,0.31550209793982,0.753182025255434,0.989292669723712
"384","MTDH","week52 - week24",0.140162337662337,0.278209742974515,82,0.503800967441949,0.615752114421681,0.916473752585181
"385","TNFAIP8","week24 - week0",-0.132923809523808,0.277720077459757,82,-0.478625134846685,0.633479086925576,0.94553529381538
"386","TNFAIP8","week52 - week0",-0.0582870129870131,0.277720077459757,82,-0.209876842611277,0.834284382789815,0.989292669723712
"387","TNFAIP8","week52 - week24",0.0746367965367951,0.277720077459757,82,0.268748292235408,0.788798389109918,0.958466621415501
"388","PCBD1","week24 - week0",-0.489559307359308,0.286925802025683,82,-1.70622266768287,0.0917515491758151,0.787983892921706
"389","PCBD1","week52 - week0",-0.125901298701298,0.286925802025683,82,-0.438793924465633,0.661964857155938,0.989292669723712
"390","PCBD1","week52 - week24",0.36365800865801,0.286925802025683,82,1.26742874321724,0.208589525359669,0.821359378462206
"391","APOE","week24 - week0",-0.195097402597403,0.224632258260984,82,-0.86851908139896,0.387645121961957,0.867924301148837
"392","APOE","week52 - week0",-0.382304978354979,0.224632258260984,82,-1.70191485993435,0.0925600143748772,0.625226630840529
"393","APOE","week52 - week24",-0.187207575757576,0.224632258260984,82,-0.833395778535393,0.407042551441036,0.854417010924208
"394","KLK7","week24 - week0",-0.285045021645021,0.153350630995695,82,-1.85877958110928,0.0666460262758335,0.728787311252389
"395","KLK7","week52 - week0",-0.33338225108225,0.153350630995695,82,-2.17398682299266,0.0325891799439972,0.387039123465244
"396","KLK7","week52 - week24",-0.0483372294372294,0.153350630995695,82,-0.315207241883384,0.753405064345982,0.954091476599915
"397","VASP","week24 - week0",-0.156475757575757,0.230274336589487,82,-0.679518872546828,0.498722893923851,0.920626399316496
"398","VASP","week52 - week0",0.0147307359307361,0.230274336589487,82,0.0639703761561443,0.949149503082679,0.989292669723712
"399","VASP","week52 - week24",0.171206493506493,0.230274336589487,82,0.743489248702973,0.459310522493014,0.870095040906987
"400","ITGA2","week24 - week0",-0.106243290043289,0.164129773533225,82,-0.647312719418227,0.519237670171385,0.921031596506803
"401","ITGA2","week52 - week0",0.20765,0.164129773533225,82,1.26515741495229,0.209398353404077,0.835304907021726
"402","ITGA2","week52 - week24",0.313893290043289,0.164129773533225,82,1.91247013437052,0.0593074709352946,0.821359378462206
"403","SERPINF2","week24 - week0",-0.349205844155846,0.279846184171677,82,-1.2478492254217,0.215637945827062,0.839659788898411
"404","SERPINF2","week52 - week0",-0.63042878787879,0.279846184171677,82,-2.25276892641867,0.0269449708583296,0.371569400662202
"405","SERPINF2","week52 - week24",-0.281222943722944,0.279846184171677,82,-1.00491970099697,0.317891772976743,0.821359378462206
"406","IGLC2","week24 - week0",-0.209235714285715,0.212676781475785,82,-0.983820202815784,0.328097893103996,0.863674546256164
"407","IGLC2","week52 - week0",-0.40108722943723,0.212676781475785,82,-1.88590041025657,0.0628490337013757,0.532731223328339
"408","IGLC2","week52 - week24",-0.191851515151515,0.212676781475785,82,-0.902080207440785,0.369656380476983,0.821359378462206
"409","IL31","week24 - week0",-0.0323015151515139,0.244068864572868,82,-0.132345906586828,0.895034913980853,0.980714802010368
"410","IL31","week52 - week0",0.0894666666666668,0.244068864572868,82,0.366563210851322,0.714889011553357,0.989292669723712
"411","IL31","week52 - week24",0.121768181818181,0.244068864572868,82,0.49890911743815,0.619179210316337,0.916473752585181
"412","RIDA","week24 - week0",-0.476036580086582,0.350453830485282,82,-1.35834320722762,0.178080213567312,0.836903694877573
"413","RIDA","week52 - week0",-0.349374891774892,0.350453830485282,82,-0.99692130997999,0.321735502130564,0.910336885873302
"414","RIDA","week52 - week24",0.12666168831169,0.350453830485282,82,0.361421897247632,0.718713667622174,0.954091476599915
"415","IL17A","week24 - week0",-0.358109090909095,0.306273216709548,82,-1.16924716681546,0.245691723158527,0.853267848645464
"416","IL17A","week52 - week0",-0.541295454545456,0.306273216709548,82,-1.7673613787091,0.08088809613025,0.584636734406757
"417","IL17A","week52 - week24",-0.183186363636362,0.306273216709548,82,-0.598114211893642,0.551412174610792,0.908811914527359
"418","ATRN","week24 - week0",-0.120992857142858,0.270101005649576,82,-0.447954115727477,0.655367597698723,0.94553529381538
"419","ATRN","week52 - week0",-0.340014285714287,0.270101005649576,82,-1.25884124309931,0.211659720526875,0.839736934699017
"420","ATRN","week52 - week24",-0.219021428571429,0.270101005649576,82,-0.810887127371837,0.419777825691277,0.859235053017188
"421","TTR","week24 - week0",-0.0181002164502183,0.214568312108536,82,-0.0843564283670303,0.932978658262009,0.991374702374478
"422","TTR","week52 - week0",-0.397459090909093,0.214568312108536,82,-1.85236620917279,0.0675715189889197,0.538797335074908
"423","TTR","week52 - week24",-0.379358874458874,0.214568312108536,82,-1.76800978080576,0.0807788450968468,0.821359378462206
"424","CXCL14","week24 - week0",-0.0650954545454563,0.11537679674665,82,-0.5641988370365,0.57415880714178,0.939634152089483
"425","CXCL14","week52 - week0",-0.0424807359307361,0.11537679674665,82,-0.368191327273694,0.71367935826136,0.989292669723712
"426","CXCL14","week52 - week24",0.0226147186147203,0.11537679674665,82,0.196007509762807,0.84508921705139,0.970683670495244
"427","LILRB4","week24 - week0",-0.291305844155846,0.139344378310023,82,-2.0905460822232,0.0396657096336683,0.664532756054073
"428","LILRB4","week52 - week0",-0.309423809523811,0.139344378310023,82,-2.22056901955085,0.0291388325365854,0.373181539503637
"429","LILRB4","week52 - week24",-0.0181179653679646,0.139344378310023,82,-0.130022937327651,0.896866710595461,0.970683670495244
"430","HEXIM1","week24 - week0",-0.261482467532468,0.258976421639083,82,-1.00967673380273,0.315620311543073,0.861934658318551
"431","HEXIM1","week52 - week0",0.0656865800865802,0.258976421639083,82,0.253639229667491,0.8004091579048,0.989292669723712
"432","HEXIM1","week52 - week24",0.327169047619048,0.258976421639083,82,1.26331596347022,0.210055796872849,0.821359378462206
"433","HSPA1A","week24 - week0",-0.359208874458874,0.353723450342451,82,-1.01550766315072,0.312850912346198,0.858575812077911
"434","HSPA1A","week52 - week0",0.0612339826839832,0.353723450342451,82,0.173112590145495,0.862989532502381,0.989292669723712
"435","HSPA1A","week52 - week24",0.420442857142857,0.353723450342451,82,1.18862025329622,0.238020095062438,0.821359378462206
"436","ICAM4","week24 - week0",-0.400418398268399,0.191249052046354,82,-2.09370134902079,0.0393757019100904,0.664532756054073
"437","ICAM4","week52 - week0",-0.098552813852813,0.191249052046354,82,-0.515311384805852,0.607721917968093,0.989292669723712
"438","ICAM4","week52 - week24",0.301865584415586,0.191249052046354,82,1.57838996421494,0.118326196764839,0.821359378462206
"439","ANKMY2","week24 - week0",-0.134346103896104,0.24487933617896,82,-0.548621643591529,0.584755818305336,0.939634152089483
"440","ANKMY2","week52 - week0",0.409206709956711,0.24487933617896,82,1.67105447254912,0.0985234613946903,0.647085807756304
"441","ANKMY2","week52 - week24",0.543552813852815,0.24487933617896,82,2.21967611614065,0.0292018371899819,0.821359378462206
"442","SLITRK1","week24 - week0",0.104883982683983,0.184300627841455,82,0.569091836052831,0.570849361517939,0.939634152089483
"443","SLITRK1","week52 - week0",-0.0444264069264087,0.184300627841455,82,-0.241054018354331,0.810114965502562,0.989292669723712
"444","SLITRK1","week52 - week24",-0.149310389610392,0.184300627841455,82,-0.810145854407161,0.420201251954981,0.859235053017188
"445","FGF6","week24 - week0",0.00600497835497629,0.220306913642014,82,0.0272573304927417,0.978320716962639,0.995622722354238
"446","FGF6","week52 - week0",-0.104059307359308,0.220306913642014,82,-0.472337910958156,0.637940278238381,0.989292669723712
"447","FGF6","week52 - week24",-0.110064285714284,0.220306913642014,82,-0.499595241450898,0.618698019717866,0.916473752585181
"448","CPOX","week24 - week0",-0.0850214285714281,0.160125694107721,82,-0.530966807327197,0.59687702243472,0.939634152089483
"449","CPOX","week52 - week0",0.140378354978356,0.160125694107721,82,0.876676012307677,0.3832237529208,0.932511132107279
"450","CPOX","week52 - week24",0.225399783549784,0.160125694107721,82,1.40764281963487,0.163016490063836,0.821359378462206
"451","SERPINA7","week24 - week0",-0.155902813852814,0.274021871590167,82,-0.568942956808883,0.570949921407749,0.939634152089483
"452","SERPINA7","week52 - week0",-0.57477813852814,0.274021871590167,82,-2.0975629981383,0.03902326521579,0.432496082301877
"453","SERPINA7","week52 - week24",-0.418875324675327,0.274021871590167,82,-1.52862004132942,0.130207191768185,0.821359378462206
"454","VEGFB","week24 - week0",-0.106172943722946,0.168308517585675,82,-0.630823354907751,0.529910355371828,0.925765055919488
"455","VEGFB","week52 - week0",-0.118168181818183,0.168308517585675,82,-0.702092701624748,0.484609500710376,0.989292669723712
"456","VEGFB","week52 - week24",-0.0119952380952372,0.168308517585675,82,-0.0712693467169969,0.943356927727077,0.98284708916301
"457","RNASE6","week24 - week0",-0.324487662337662,0.161957297082295,82,-2.00353839057205,0.0484220195672667,0.721389271104177
"458","RNASE6","week52 - week0",-0.277880086580087,0.161957297082295,82,-1.7157614481482,0.0899819208558164,0.625226630840529
"459","RNASE6","week52 - week24",0.0466075757575754,0.161957297082295,82,0.287776942423858,0.774243558043756,0.954091476599915
"460","IL10","week24 - week0",-0.460577705627706,0.50252913721621,82,-0.916519404584385,0.362082193012873,0.865582065676754
"461","IL10","week52 - week0",-0.141744155844157,0.50252913721621,82,-0.282061566876215,0.778606970951093,0.989292669723712
"462","IL10","week52 - week24",0.318833549783549,0.50252913721621,82,0.63445783770817,0.527548230343225,0.903531619100668
"463","DDX4","week24 - week0",-0.16713354978355,0.375924166356295,82,-0.444593789762224,0.657784592959605,0.94553529381538
"464","DDX4","week52 - week0",-0.120109307359308,0.375924166356294,82,-0.319504086485013,0.750156867454139,0.989292669723712
"465","DDX4","week52 - week24",0.0470242424242418,0.375924166356295,82,0.125089703277211,0.900758698275564,0.970683670495244
"466","APOL1","week24 - week0",-0.367184632034632,0.226991222246108,82,-1.61761599590192,0.109585965180294,0.817190982494432
"467","APOL1","week52 - week0",-0.233006493506495,0.226991222246108,82,-1.02650001705293,0.307674538643608,0.902742473418827
"468","APOL1","week52 - week24",0.134178138528136,0.226991222246108,82,0.59111597884899,0.556068662760777,0.908811914527359
"469","NEXN","week24 - week0",0.130254761904762,0.145727657661333,82,0.893823204154355,0.374032398777776,0.865582065676754
"470","NEXN","week52 - week0",0.220004761904763,0.145727657661333,82,1.50969805893708,0.134964317656743,0.712459620235395
"471","NEXN","week52 - week24",0.0897500000000009,0.145727657661333,82,0.615874854782729,0.539682914830643,0.908811914527359
"472","TRAF3","week24 - week0",-0.258320995670997,0.321453668250201,82,-0.803602575379337,0.423949940712864,0.87154806974561
"473","TRAF3","week52 - week0",0.148860389610391,0.321453668250201,82,0.463085054902924,0.644530097697443,0.989292669723712
"474","TRAF3","week52 - week24",0.407181385281387,0.321453668250201,82,1.26668763028226,0.208853184472441,0.821359378462206
"475","NUMB","week24 - week0",-0.0310099567099556,0.280147599251506,82,-0.110691495457421,0.912131467378312,0.98726931229402
"476","NUMB","week52 - week0",0.367222727272728,0.280147599251506,82,1.3108187550201,0.193578293659904,0.825497707840298
"477","NUMB","week52 - week24",0.398232683982683,0.280147599251506,82,1.42151025047752,0.158960659952875,0.821359378462206
"478","FCRL3","week24 - week0",-0.774791125541128,0.275173768125025,82,-2.81564311460496,0.00609499624326234,0.296623150505434
"479","FCRL3","week52 - week0",-0.629861471861474,0.275173768125025,82,-2.28895899544937,0.0246537683287192,0.371569400662202
"480","FCRL3","week52 - week24",0.144929653679653,0.275173768125025,82,0.52668411915559,0.599834828133957,0.916473752585181
"481","TGFBR1","week24 - week0",-0.183218181818182,0.4012423495123,82,-0.456627228010402,0.649146270338424,0.94553529381538
"482","TGFBR1","week52 - week0",0.0181220779220769,0.4012423495123,82,0.0451649182697285,0.964085665374785,0.989292669723712
"483","TGFBR1","week52 - week24",0.201340259740259,0.4012423495123,82,0.50179214628013,0.617158412845416,0.916473752585181
"484","VEGFA","week24 - week0",-0.376425541125541,0.207288492375392,82,-1.81595001638512,0.0730329836630119,0.728787311252389
"485","VEGFA","week52 - week0",-0.0120482683982689,0.207288492375392,82,-0.0581231898606791,0.953791910356354,0.989292669723712
"486","VEGFA","week52 - week24",0.364377272727272,0.207288492375392,82,1.75782682652444,0.0825087521999602,0.821359378462206
"487","PDZK1","week24 - week0",-0.368380952380953,0.219221905841277,82,-1.68040210656536,0.0966850045583282,0.791659460123049
"488","PDZK1","week52 - week0",-0.374727489177489,0.219221905841276,82,-1.70935239222308,0.0911678115618317,0.625226630840529
"489","PDZK1","week52 - week24",-0.00634653679653599,0.219221905841276,82,-0.0289502856577257,0.976974584395906,0.99192134437971
"490","TPP1","week24 - week0",-0.0386244588744582,0.234984849867136,82,-0.164369996177613,0.869844378335514,0.976902147976808
"491","TPP1","week52 - week0",0.0580428571428578,0.234984849867136,82,0.24700680565439,0.805520325040067,0.989292669723712
"492","TPP1","week52 - week24",0.096667316017316,0.234984849867136,82,0.411376801832004,0.681869479234184,0.936252078659557
"493","ZBP1","week24 - week0",0.0867906926406938,0.32294451919975,82,0.268747996887389,0.788798615617232,0.97244903805597
"494","ZBP1","week52 - week0",0.230752380952381,0.32294451919975,82,0.714526388384546,0.476930960079664,0.989292669723712
"495","ZBP1","week52 - week24",0.143961688311687,0.32294451919975,82,0.445778391497156,0.6569321221081,0.92311027613197
"496","CRISP3","week24 - week0",-0.00602424242424243,0.101967031937352,82,-0.0590802959523592,0.953031896882356,0.994695336947633
"497","CRISP3","week52 - week0",-0.0979067099567105,0.101967031937352,82,-0.960180051301913,0.339787339347644,0.916071137979956
"498","CRISP3","week52 - week24",-0.0918824675324681,0.101967031937352,82,-0.901099755349554,0.370174295224748,0.821359378462206
"499","PAPPA","week24 - week0",0.0746833333333312,0.196419895806846,82,0.380222853833366,0.704763100981236,0.950974239771354
"500","PAPPA","week52 - week0",0.0313725108225095,0.196419895806846,82,0.159721654945589,0.873493118966917,0.989292669723712
"501","PAPPA","week52 - week24",-0.0433108225108218,0.196419895806846,82,-0.220501198887777,0.826028915837283,0.970330139680847
"502","FGF5","week24 - week0",-0.00861731601731701,0.144788273922141,82,-0.0595166706797742,0.952685397263943,0.994695336947633
"503","FGF5","week52 - week0",0.0421000000000005,0.144788273922141,82,0.290769403208989,0.771961842654762,0.989292669723712
"504","FGF5","week52 - week24",0.0507173160173175,0.144788273922141,82,0.350286073888763,0.727022207647946,0.954091476599915
"505","BMPER","week24 - week0",-0.190495454545455,0.107441023979983,82,-1.77302344569004,0.0799381922735228,0.729436004495896
"506","BMPER","week52 - week0",-0.224589177489178,0.107441023979983,82,-2.09034844577637,0.0396839361255131,0.432496082301877
"507","BMPER","week52 - week24",-0.0340937229437228,0.107441023979983,82,-0.317325000086325,0.751803586804329,0.954091476599915
"508","WAS","week24 - week0",0.316298051948052,0.295622094866973,82,1.0699404998479,0.287785445484597,0.853267848645464
"509","WAS","week52 - week0",0.0140781385281391,0.295622094866973,82,0.0476220782295521,0.962133231773117,0.989292669723712
"510","WAS","week52 - week24",-0.302219913419913,0.295622094866973,82,-1.02231842161835,0.309636837395015,0.821359378462206
"511","YY1","week24 - week0",0.166011471861473,0.251535349292127,82,0.659992610695332,0.51110817533142,0.920626399316496
"512","YY1","week52 - week0",0.292008441558442,0.251535349292127,82,1.16090419251296,0.249049326233901,0.86556206373234
"513","YY1","week52 - week24",0.125996969696968,0.251535349292127,82,0.500911581817625,0.617775313584303,0.916473752585181
"514","IL20RA","week24 - week0",0.169874242424244,0.216709833087873,82,0.783878793148082,0.435369690177834,0.87154806974561
"515","IL20RA","week52 - week0",-0.125249783549782,0.216709833087873,82,-0.577960777160469,0.564874420221782,0.989292669723712
"516","IL20RA","week52 - week24",-0.295124025974026,0.216709833087873,82,-1.36183957030855,0.176978261041019,0.821359378462206
"517","TBCA","week24 - week0",-0.392472943722941,0.380890391409967,82,-1.03040914807564,0.305847695803531,0.853267848645464
"518","TBCA","week52 - week0",-0.0241733766233752,0.380890391409967,82,-0.0634654408946654,0.949550332308846,0.989292669723712
"519","TBCA","week52 - week24",0.368299567099566,0.380890391409967,82,0.966943707180975,0.336415438540763,0.821359378462206
"520","IL33","week24 - week0",-0.0261694805194807,0.272318608400923,82,-0.096098759732763,0.923676610089584,0.988043962089831
"521","IL33","week52 - week0",-0.302567532467535,0.272318608400923,82,-1.11107916658445,0.269781536363695,0.871418236926979
"522","IL33","week52 - week24",-0.276398051948054,0.272318608400923,82,-1.01498040685169,0.313100660459669,0.821359378462206
"523","TNFSF10","week24 - week0",0.0141341991341982,0.131096727841092,82,0.107815041358857,0.914405779031892,0.98726931229402
"524","TNFSF10","week52 - week0",0.0195638528138524,0.131096727841092,82,0.149232197752233,0.881736831426871,0.989292669723712
"525","TNFSF10","week52 - week24",0.00542965367965426,0.131096727841092,82,0.0414171563933754,0.967064016120881,0.98983350503297
"526","SCRN1","week24 - week0",-0.687572727272728,0.373858161211171,82,-1.83912723757382,0.0695160723003794,0.728787311252389
"527","SCRN1","week52 - week0",0.00513744588744619,0.373858161211171,82,0.0137416978428467,0.989069435636898,0.998333364820653
"528","SCRN1","week52 - week24",0.692710173160175,0.373858161211171,82,1.85286893541666,0.067498585298445,0.821359378462206
"529","NFAT5","week24 - week0",0.116511688311687,0.300712924782574,82,0.387451548336106,0.699425802738235,0.948787387030154
"530","NFAT5","week52 - week0",0.243972510822511,0.300712924782573,82,0.811313683969227,0.419534285955247,0.936315691338011
"531","NFAT5","week52 - week24",0.127460822510824,0.300712924782573,82,0.423862135633121,0.672776191791955,0.930164053045696
"532","CLEC12A","week24 - week0",-0.529387445887443,0.418901484672219,82,-1.26375165822503,0.209900105882201,0.839659788898411
"533","CLEC12A","week52 - week0",-0.118837229437229,0.418901484672218,82,-0.283687773344172,0.777364710562758,0.989292669723712
"534","CLEC12A","week52 - week24",0.410550216450214,0.418901484672218,82,0.980063884880859,0.329937333602922,0.821359378462206
"535","PLAUR","week24 - week0",-0.396335064935066,0.220641404321853,82,-1.79628599696966,0.0761319115560812,0.728787311252389
"536","PLAUR","week52 - week0",-0.075371212121213,0.220641404321853,82,-0.341600491316978,0.733525429193006,0.989292669723712
"537","PLAUR","week52 - week24",0.320963852813853,0.220641404321853,82,1.45468550565268,0.14957369881082,0.821359378462206
"538","KLRB1","week24 - week0",-0.104076406926409,0.112144606304169,82,-0.928055395228934,0.356102586192276,0.865582065676754
"539","KLRB1","week52 - week0",-0.00947727272727364,0.112144606304169,82,-0.0845093940725826,0.932857419005404,0.989292669723712
"540","KLRB1","week52 - week24",0.0945991341991351,0.112144606304169,82,0.843546001156351,0.401377208258475,0.854415764564564
"541","AKAP12","week24 - week0",-0.264753463203464,0.141829234086615,82,-1.86670586574401,0.0655169207704873,0.728787311252389
"542","AKAP12","week52 - week0",-0.0455926406926416,0.141829234086615,82,-0.321461516634844,0.748678639707902,0.989292669723712
"543","AKAP12","week52 - week24",0.219160822510823,0.141829234086615,82,1.54524434910916,0.126137964293302,0.821359378462206
"544","MBL2","week24 - week0",-0.453106277056278,0.286249554051,82,-1.58290649066146,0.117292308887856,0.817190982494432
"545","MBL2","week52 - week0",-0.997505194805197,0.286249554051,82,-3.48473973387387,0.000793593009015075,0.0482769080484171
"546","MBL2","week52 - week24",-0.544398917748918,0.286249554051,82,-1.9018332432124,0.0607045241190459,0.821359378462206
"547","GAPDH","week24 - week0",0.356186147186148,0.2568949018163,82,1.38650531664054,0.169350860426555,0.836903694877573
"548","GAPDH","week52 - week0",0.423518831168831,0.2568949018163,82,1.6486073805843,0.103054495962137,0.655247480533601
"549","GAPDH","week52 - week24",0.067332683982683,0.2568949018163,82,0.262102063943764,0.793900060477664,0.959669011273945
"550","FGA","week24 - week0",0.176830303030303,0.122653742629641,82,1.44170327981145,0.153194421931746,0.836903694877573
"551","FGA","week52 - week0",0.0445450216450216,0.122653742629641,82,0.363177027378017,0.717407202481735,0.989292669723712
"552","FGA","week52 - week24",-0.132285281385282,0.122653742629641,82,-1.07852625243343,0.283961392558532,0.821359378462206
"553","ADAMTS4","week24 - week0",-0.0411203463203482,0.194215321460033,82,-0.21172555291324,0.832846510236364,0.97244903805597
"554","ADAMTS4","week52 - week0",-0.147969047619049,0.194215321460033,82,-0.761881434001584,0.448316587646746,0.970057469285911
"555","ADAMTS4","week52 - week24",-0.106848701298701,0.194215321460033,82,-0.550155881088344,0.583707990347622,0.910484685798641
"556","CXCL12","week24 - week0",-0.222706277056278,0.19371125173322,82,-1.1496816785996,0.253617131941879,0.853267848645464
"557","CXCL12","week52 - week0",-0.158815800865801,0.19371125173322,82,-0.819858420431472,0.414673567490572,0.936315691338011
"558","CXCL12","week52 - week24",0.0638904761904765,0.19371125173322,82,0.329823258168125,0.742374600135321,0.954091476599915
"559","RLN2","week24 - week0",-0.422683116883116,0.293703341174999,82,-1.43914984144244,0.153914497010923,0.836903694877573
"560","RLN2","week52 - week0",-0.35319458874459,0.293703341174999,82,-1.2025555696152,0.232609322789636,0.860602741638164
"561","RLN2","week52 - week24",0.0694885281385266,0.293703341174999,82,0.236594271827241,0.813561588284158,0.963067496117971
"562","ENPP5","week24 - week0",-0.0792800865800887,0.0930718632549633,82,-0.851815831417352,0.396797229482855,0.867924301148837
"563","ENPP5","week52 - week0",-0.0114393939393968,0.0930718632549633,82,-0.122909261073451,0.902479699941983,0.989292669723712
"564","ENPP5","week52 - week24",0.0678406926406919,0.0930718632549633,82,0.728906570343901,0.468135574193666,0.874190353994038
"565","MILR1","week24 - week0",-0.363577489177491,0.202263300832127,82,-1.79754551459263,0.0759301965370982,0.728787311252389
"566","MILR1","week52 - week0",-0.16589588744589,0.202263300832127,82,-0.820197666919213,0.414481287720235,0.936315691338011
"567","MILR1","week52 - week24",0.197681601731602,0.202263300832127,82,0.977347847673423,0.331271584683978,0.821359378462206
"568","PZP","week24 - week0",-0.046592857142853,0.280535925669273,82,-0.166085170844685,0.868498750761591,0.976902147976808
"569","PZP","week52 - week0",-0.320991341991346,0.280535925669272,82,-1.14420761342976,0.255866621752255,0.86556206373234
"570","PZP","week52 - week24",-0.274398484848493,0.280535925669273,82,-0.978122442585071,0.330890703865702,0.821359378462206
"571","JCHAIN","week24 - week0",-0.201170995670998,0.128378665769829,82,-1.56701266884701,0.120962872168763,0.825260716665389
"572","JCHAIN","week52 - week0",-0.118649783549784,0.128378665769829,82,-0.924217297619465,0.358084963940548,0.925370007894372
"573","JCHAIN","week52 - week24",0.0825212121212141,0.128378665769829,82,0.642795371227545,0.522150230565459,0.898985066775436
"574","CACYBP","week24 - week0",-0.229451948051946,0.246181401952426,82,-0.93204420087057,0.35404984944728,0.865582065676754
"575","CACYBP","week52 - week0",-0.00956861471861359,0.246181401952426,82,-0.0388681461829627,0.969089987473547,0.989292669723712
"576","CACYBP","week52 - week24",0.219883333333332,0.246181401952426,82,0.893176054687607,0.374376746736215,0.827357182371241
"577","PRR4","week24 - week0",-0.250726406926406,0.286046299207288,82,-0.876523862120353,0.383305935199184,0.865582065676754
"578","PRR4","week52 - week0",-0.292929870129871,0.286046299207288,82,-1.02406453410395,0.308816417007156,0.902742473418827
"579","PRR4","week52 - week24",-0.0422034632034645,0.286046299207288,82,-0.147540671983597,0.883067456401136,0.970683670495244
"580","CDON","week24 - week0",0.043682683982684,0.201220444102074,82,0.217088696815146,0.828678452553535,0.97244903805597
"581","CDON","week52 - week0",0.0942101731601728,0.201220444102074,82,0.468193843724858,0.640888093469324,0.989292669723712
"582","CDON","week52 - week24",0.0505274891774887,0.201220444102074,82,0.251105146909712,0.80236099243932,0.961944236158492
"583","DFFA","week24 - week0",-0.369941774891776,0.310566978175728,82,-1.19118193783775,0.237018718577347,0.853267848645464
"584","DFFA","week52 - week0",0.0908088744588748,0.310566978175727,82,0.292397070004953,0.770721607631314,0.989292669723712
"585","DFFA","week52 - week24",0.460750649350651,0.310566978175728,82,1.4835790078427,0.141754280483545,0.821359378462206
"586","RALB","week24 - week0",-0.0343272727272692,0.440434866181294,82,-0.0779394988069342,0.938066050886708,0.994695336947633
"587","RALB","week52 - week0",0.116818181818183,0.440434866181294,82,0.265233728725958,0.7914950484108,0.989292669723712
"588","RALB","week52 - week24",0.151145454545452,0.440434866181294,82,0.343173227532892,0.732346401695026,0.954091476599915
"589","MATN2","week24 - week0",-0.116570995670996,0.11349917552141,82,-1.0270646913114,0.307410197525695,0.853267848645464
"590","MATN2","week52 - week0",-0.14460735930736,0.11349917552141,82,-1.27408290538711,0.206233231475046,0.834043212901948
"591","MATN2","week52 - week24",-0.0280363636363639,0.11349917552141,82,-0.247018214075707,0.805511525991607,0.961944236158492
"592","NTF3","week24 - week0",0.0213158008658011,0.162687060315878,82,0.131023332921584,0.896077771151939,0.980714802010368
"593","NTF3","week52 - week0",-0.168535064935066,0.162687060315878,82,-1.0359463414474,0.303272573753059,0.902742473418827
"594","NTF3","week52 - week24",-0.189850865800867,0.162687060315878,82,-1.16696967436898,0.246605068629464,0.821359378462206
"595","WASL","week24 - week0",-0.431571212121219,0.546285083944207,82,-0.790010975597672,0.431800029932425,0.87154806974561
"596","WASL","week52 - week0",-0.295384415584418,0.546285083944207,82,-0.540714773780252,0.590169992608408,0.989292669723712
"597","WASL","week52 - week24",0.136186796536802,0.546285083944207,82,0.24929620181742,0.803755071262974,0.961944236158492
"598","SNX15","week24 - week0",-0.495915584415584,0.360070520835103,82,-1.37727349427389,0.172175690443982,0.836903694877573
"599","SNX15","week52 - week0",-0.0569028138528132,0.360070520835103,82,-0.158032414652663,0.874819780708106,0.989292669723712
"600","SNX15","week52 - week24",0.439012770562771,0.360070520835103,82,1.21924107962123,0.226248327320282,0.821359378462206
"601","MOCS2","week24 - week0",-0.29025,0.231229099584577,82,-1.25524858472164,0.212953987368646,0.839659788898411
"602","MOCS2","week52 - week0",0.00862965367965418,0.231229099584577,82,0.037320794377343,0.970319933592024,0.989292669723712
"603","MOCS2","week52 - week24",0.298879653679654,0.231229099584577,82,1.29256937909899,0.199790430450405,0.821359378462206
"604","IL22RA1","week24 - week0",-0.452250865800867,0.231493616625957,82,-1.95362132395903,0.0541558960200919,0.728787311252389
"605","IL22RA1","week52 - week0",0.231287662337661,0.231493616625957,82,0.999110324114775,0.32068048498148,0.910336885873302
"606","IL22RA1","week52 - week24",0.683538528138528,0.231493616625957,82,2.95273164807381,0.00410761477097215,0.821359378462206
"607","CR1","week24 - week0",-0.447122294372296,0.187473924682584,82,-2.38498391245251,0.0193867181192271,0.566092169081432
"608","CR1","week52 - week0",-0.299471212121213,0.187473924682584,82,-1.59740194604799,0.114022834006328,0.668702665676293
"609","CR1","week52 - week24",0.147651082251083,0.187473924682584,82,0.787581966404524,0.43321193247724,0.864056586634932
"610","GAL","week24 - week0",-0.0737870129870116,0.240051370034839,82,-0.307380095253374,0.759333390193172,0.97077648833803
"611","GAL","week52 - week0",-0.0109088744588742,0.240051370034839,82,-0.0454439166803797,0.963863964895816,0.989292669723712
"612","GAL","week52 - week24",0.0628781385281374,0.240051370034839,82,0.261936178572994,0.794027510697894,0.959669011273945
"613","C1RL","week24 - week0",-0.129667532467535,0.25277878093806,82,-0.512968422374455,0.60935261788912,0.939634152089483
"614","C1RL","week52 - week0",-0.495361471861474,0.25277878093806,82,-1.95966397979764,0.053432422302795,0.496122724305323
"615","C1RL","week52 - week24",-0.36569393939394,0.25277878093806,82,-1.44669555742318,0.151794130012709,0.821359378462206
"616","SDK2","week24 - week0",-0.0891493506493511,0.182509221193509,82,-0.488464911889732,0.626524338205425,0.94553529381538
"617","SDK2","week52 - week0",-0.0622274891774901,0.182509221193509,82,-0.340955315959143,0.734009280872187,0.989292669723712
"618","SDK2","week52 - week24",0.026921861471861,0.182509221193509,82,0.147509595930589,0.883091905280689,0.970683670495244
"619","PADI2","week24 - week0",-0.315234632034632,0.427155519070766,82,-0.7379856234104,0.462629974452127,0.891081481134704
"620","PADI2","week52 - week0",-0.108724675324675,0.427155519070765,82,-0.254531828504043,0.799721950166049,0.989292669723712
"621","PADI2","week52 - week24",0.206509956709957,0.427155519070766,82,0.483453794906358,0.630062019581211,0.920041313064554
"622","CCL21","week24 - week0",-0.329048484848487,0.198433653541307,82,-1.65822923166604,0.101092031901828,0.791659460123049
"623","CCL21","week52 - week0",-0.534626406926409,0.198433653541307,82,-2.69423254264236,0.008555198388529,0.224737481118616
"624","CCL21","week52 - week24",-0.205577922077922,0.198433653541307,82,-1.03600331097632,0.303246156052696,0.821359378462206
"625","RELB","week24 - week0",-0.799759090909086,0.596386332148035,82,-1.34100841652181,0.18362056041269,0.836903694877573
"626","RELB","week52 - week0",-0.856385064935065,0.596386332148034,82,-1.43595689366418,0.154818598132158,0.768006608443188
"627","RELB","week52 - week24",-0.0566259740259788,0.596386332148035,82,-0.0949484771423687,0.924587393433212,0.97519672893397
"628","CD40LG","week24 - week0",0.201224891774892,0.18751178471427,82,1.07313197451306,0.286359866901835,0.853267848645464
"629","CD40LG","week52 - week0",0.264475757575757,0.18751178471427,82,1.41044872448291,0.16218949227945,0.784094896450321
"630","CD40LG","week52 - week24",0.063250865800865,0.18751178471427,82,0.337316749969856,0.736740046322556,0.954091476599915
"631","CSNK1D","week24 - week0",-0.2476829004329,0.240667158820017,82,-1.02915122132692,0.306434758180997,0.853267848645464
"632","CSNK1D","week52 - week0",-0.446153896103897,0.240667158820017,82,-1.8538212620757,0.0673606060390413,0.538797335074908
"633","CSNK1D","week52 - week24",-0.198470995670997,0.240667158820017,82,-0.824670040748783,0.41195143757714,0.856765098094906
"634","ENAH","week24 - week0",-0.0919924242424231,0.173763208184546,82,-0.529412556337714,0.597949672551214,0.939634152089483
"635","ENAH","week52 - week0",-0.0876199134199123,0.173763208184546,82,-0.504248939320083,0.615438702134768,0.989292669723712
"636","ENAH","week52 - week24",0.00437251082251085,0.173763208184546,82,0.0251636170176313,0.979985594130119,0.993596505159704
"637","EPHA4","week24 - week0",-0.0178242424242425,0.177530121421951,82,-0.100401229275781,0.920270866707562,0.988043962089831
"638","EPHA4","week52 - week0",-0.0386679653679659,0.177530121421951,82,-0.217810730135538,0.828117684371069,0.989292669723712
"639","EPHA4","week52 - week24",-0.0208437229437235,0.177530121421951,82,-0.117409500859758,0.906822662126901,0.970683670495244
"640","TNFAIP8L2","week24 - week0",-0.146582900432899,0.282573824656205,82,-0.518741962781725,0.605337821754321,0.939634152089483
"641","TNFAIP8L2","week52 - week0",0.145075324675325,0.282573824656205,82,0.51340680564391,0.609047352824041,0.989292669723712
"642","TNFAIP8L2","week52 - week24",0.291658225108224,0.282573824656205,82,1.03214876842564,0.305037083673491,0.821359378462206
"643","NFASC","week24 - week0",0.0411251082251066,0.158032008004573,82,0.260232776539274,0.795336562963807,0.97244903805597
"644","NFASC","week52 - week0",0.0674064935064934,0.158032008004572,82,0.426536967780243,0.670834329778879,0.989292669723712
"645","NFASC","week52 - week24",0.0262813852813868,0.158032008004573,82,0.166304191240969,0.868326947774113,0.970683670495244
"646","ERMAP","week24 - week0",-0.200389393939394,0.176586242953786,82,-1.13479617997104,0.259767046043123,0.853267848645464
"647","ERMAP","week52 - week0",-0.0593939393939394,0.176586242953786,82,-0.336345223730046,0.737469757285912,0.989292669723712
"648","ERMAP","week52 - week24",0.140995454545454,0.176586242953786,82,0.798450956240991,0.426915305765506,0.86141207716089
"649","CD83","week24 - week0",-0.362985064935066,0.170673476754207,82,-2.12678075022644,0.0364440293017151,0.664532756054073
"650","CD83","week52 - week0",-0.263571428571428,0.170673476754207,82,-1.54430221721567,0.12636584715713,0.683432360033912
"651","CD83","week52 - week24",0.0994136363636376,0.170673476754207,82,0.582478533010767,0.561842660065838,0.908811914527359
"652","CFHR4","week24 - week0",-0.315368181818183,0.241505776735887,82,-1.30584115245853,0.195258179883739,0.836903694877573
"653","CFHR4","week52 - week0",-0.734804761904764,0.241505776735887,82,-3.04259704192647,0.00315036490298072,0.127764798843107
"654","CFHR4","week52 - week24",-0.419436580086581,0.241505776735887,82,-1.73675588946794,0.0861855112185137,0.821359378462206
"655","APOD","week24 - week0",0.068310822510822,0.479536659271739,82,0.142451721239757,0.887072649379235,0.978191894330577
"656","APOD","week52 - week0",0.26070303030303,0.479536659271738,82,0.543656100659653,0.588153193744887,0.989292669723712
"657","APOD","week52 - week24",0.192392207792208,0.479536659271739,82,0.401204379419896,0.689313254300488,0.936442443913945
"658","TCN1","week24 - week0",-0.235763636363636,0.239728184284889,82,-0.983462320322995,0.328272852913424,0.863674546256164
"659","TCN1","week52 - week0",0.0454476190476187,0.239728184284889,82,0.189579790891877,0.850106913247988,0.989292669723712
"660","TCN1","week52 - week24",0.281211255411254,0.239728184284889,82,1.17304211121487,0.244175203158547,0.821359378462206
"661","ARHGEF12","week24 - week0",-0.0966487012987,0.236884541794795,82,-0.407999190518828,0.684337630867283,0.94553529381538
"662","ARHGEF12","week52 - week0",0.0603891774891784,0.236884541794795,82,0.254930849567598,0.799414796721353,0.989292669723712
"663","ARHGEF12","week52 - week24",0.157037878787878,0.236884541794795,82,0.662930040086426,0.50923459758947,0.891182537037634
"664","C3","week24 - week0",-0.432810606060606,0.201305365954133,82,-2.15002021436041,0.0344994396106074,0.664532756054073
"665","C3","week52 - week0",-0.369490043290044,0.201305365954133,82,-1.83547041351214,0.0700613653677257,0.549944050735912
"666","C3","week52 - week24",0.0633205627705625,0.201305365954133,82,0.314549800848279,0.753902450409343,0.954091476599915
"667","EIF5A","week24 - week0",0.0149482683982678,0.135106406902363,82,0.110640707135898,0.912171617628523,0.98726931229402
"668","EIF5A","week52 - week0",0.160846103896104,0.135106406902363,82,1.19051425897472,0.237279425277511,0.860602741638164
"669","EIF5A","week52 - week24",0.145897835497836,0.135106406902363,82,1.07987355183882,0.283364506476624,0.821359378462206
"670","CPA4","week24 - week0",-0.146957792207792,0.154679491439939,82,-0.950079359841025,0.344863798025189,0.865582065676754
"671","CPA4","week52 - week0",-0.146657142857143,0.154679491439939,82,-0.948135667449418,0.345846293100062,0.917632655220087
"672","CPA4","week52 - week24",0.000300649350649523,0.154679491439939,82,0.00194369239160748,0.998453879695384,0.999823500929534
"673","PROK1","week24 - week0",-0.243350865800867,0.261727828959599,82,-0.929785979458955,0.355211048546953,0.865582065676754
"674","PROK1","week52 - week0",-0.104916666666666,0.261727828959599,82,-0.400861716095393,0.689564540782194,0.989292669723712
"675","PROK1","week52 - week24",0.138434199134201,0.261727828959599,82,0.528924263363562,0.598286846816293,0.916473752585181
"676","CXCL3","week24 - week0",-1.11533225108225,0.472500801541949,82,-2.36048753238619,0.020625436987074,0.579098807714002
"677","CXCL3","week52 - week0",-0.282987012987013,0.472500801541949,82,-0.598913297212448,0.550881722929265,0.989292669723712
"678","CXCL3","week52 - week24",0.832345238095238,0.472500801541949,82,1.76157423517374,0.0818686088006235,0.821359378462206
"679","FOLH1","week24 - week0",0.0735709956709966,0.238247298601852,82,0.30880096480735,0.758256133158437,0.97077648833803
"680","FOLH1","week52 - week0",-0.0613294372294359,0.238247298601852,82,-0.257419234506943,0.797500033671306,0.989292669723712
"681","FOLH1","week52 - week24",-0.134900432900433,0.238247298601852,82,-0.566220199314293,0.572790510288524,0.910484685798641
"682","JUN","week24 - week0",-0.820566883116882,0.405119786751276,82,-2.02549199015221,0.0460695269646007,0.709595362132072
"683","JUN","week52 - week0",-0.0320432900432893,0.405119786751276,82,-0.0790958405173192,0.93714909762468,0.989292669723712
"684","JUN","week52 - week24",0.788523593073593,0.405119786751276,82,1.94639614963489,0.0550318615377274,0.821359378462206
"685","CXADR","week24 - week0",-0.292247835497836,0.151897040855474,82,-1.92398636505303,0.0578256554122992,0.728787311252389
"686","CXADR","week52 - week0",0.0547649350649342,0.151897040855474,82,0.360539841701336,0.719370559305761,0.989292669723712
"687","CXADR","week52 - week24",0.34701277056277,0.151897040855474,82,2.28452620675437,0.0249248515337858,0.821359378462206
"688","LCAT","week24 - week0",0.121199567099567,0.222554566373272,82,0.54458360066308,0.587517902162673,0.939634152089483
"689","LCAT","week52 - week0",0.015870779220778,0.222554566373272,82,0.0713118561412003,0.943323200222822,0.989292669723712
"690","LCAT","week52 - week24",-0.105328787878789,0.222554566373272,82,-0.473271744521879,0.637276812779599,0.920041313064554
"691","TF","week24 - week0",-0.157843290043292,0.267483134335997,82,-0.590105579684953,0.556742573441432,0.939284725775812
"692","TF","week52 - week0",-0.602883333333336,0.267483134335997,82,-2.25391157775215,0.0268698606509546,0.371569400662202
"693","TF","week52 - week24",-0.445040043290044,0.267483134335997,82,-1.66380599806719,0.0999685476787823,0.821359378462206
"694","STAT2","week24 - week0",-0.0634588744588753,0.240934038529546,82,-0.263386920528845,0.792913091425416,0.97244903805597
"695","STAT2","week52 - week0",0.387538744588744,0.240934038529546,82,1.60848482412011,0.111572692328575,0.668702665676293
"696","STAT2","week52 - week24",0.450997619047619,0.240934038529546,82,1.87187174464895,0.0647897161621812,0.821359378462206
"697","LAIR1","week24 - week0",-0.305580735930737,0.126807830779177,82,-2.40979389090627,0.0182000517436958,0.566092169081432
"698","LAIR1","week52 - week0",-0.190977922077923,0.126807830779177,82,-1.50604202362307,0.135899049414242,0.712459620235395
"699","LAIR1","week52 - week24",0.114602813852814,0.126807830779177,82,0.903751867283205,0.368774399878167,0.821359378462206
"700","FABP9","week24 - week0",-0.0371997835497838,0.140936548298099,82,-0.26394703147619,0.79248294499803,0.97244903805597
"701","FABP9","week52 - week0",-0.179778571428573,0.140936548298099,82,-1.2755993643914,0.205699005776404,0.834043212901948
"702","FABP9","week52 - week24",-0.142578787878789,0.140936548298099,82,-1.01165233291521,0.314680169989919,0.821359378462206
"703","DECR1","week24 - week0",-0.154094805194806,0.354080351288016,82,-0.435197278341666,0.664562557702522,0.94553529381538
"704","DECR1","week52 - week0",0.170283116883117,0.354080351288016,82,0.480916594958429,0.631856505082123,0.989292669723712
"705","DECR1","week52 - week24",0.324377922077923,0.354080351288016,82,0.916113873300096,0.362293556844255,0.821359378462206
"706","ACRV1","week24 - week0",0.0769502164502173,0.186965330219848,82,0.411574789613313,0.681724909057071,0.94553529381538
"707","ACRV1","week52 - week0",-0.0181554112554083,0.186965330219847,82,-0.0971057641224707,0.922879356730057,0.989292669723712
"708","ACRV1","week52 - week24",-0.0951056277056256,0.186965330219848,82,-0.508680553735783,0.6123420902686,0.916473752585181
"709","CDSN","week24 - week0",-0.22706103896104,0.143915265618319,82,-1.57774116585542,0.118475310697586,0.817190982494432
"710","CDSN","week52 - week0",-0.164660173160174,0.143915265618319,82,-1.14414667862179,0.255891741254446,0.86556206373234
"711","CDSN","week52 - week24",0.0624008658008663,0.143915265618319,82,0.433594487233626,0.665721509093381,0.924543568839989
"712","TRAF2","week24 - week0",-0.0331064935064949,0.338432286701515,82,-0.0978230943305168,0.922311488788153,0.988043962089831
"713","TRAF2","week52 - week0",0.2924170995671,0.338432286701515,82,0.86403428708621,0.39008948909736,0.936009948666461
"714","TRAF2","week52 - week24",0.325523593073595,0.338432286701515,82,0.961857381416727,0.338949085319978,0.821359378462206
"715","REG4","week24 - week0",-0.00946406926407036,0.289615505891429,82,-0.032678047520074,0.974010741119784,0.995622722354238
"716","REG4","week52 - week0",-0.0572987012987022,0.289615505891428,82,-0.197844038503182,0.843656725403919,0.989292669723712
"717","REG4","week52 - week24",-0.0478346320346318,0.289615505891429,82,-0.165165990983108,0.869219838531427,0.970683670495244
"718","SEMA6C","week24 - week0",0.30396277056277,0.230008566504451,82,1.32152804211702,0.190000708449184,0.836903694877573
"719","SEMA6C","week52 - week0",0.265241558441557,0.230008566504451,82,1.15318121612842,0.252186414299486,0.86556206373234
"720","SEMA6C","week52 - week24",-0.0387212121212122,0.230008566504451,82,-0.168346825988601,0.866724979449247,0.970683670495244
"721","SERPINA1","week24 - week0",-0.356049134199135,0.200692793930814,82,-1.77410024159551,0.0797585910841498,0.729436004495896
"722","SERPINA1","week52 - week0",-0.479924891774893,0.200692793930814,82,-2.39134092647263,0.0190762751343036,0.316492746546401
"723","SERPINA1","week52 - week24",-0.123875757575758,0.200692793930814,82,-0.617240684877119,0.538786204901064,0.908811914527359
"724","STX5","week24 - week0",-0.144562770562771,0.310734474918451,82,-0.465229262381363,0.643000448871559,0.94553529381538
"725","STX5","week52 - week0",-0.167151298701299,0.310734474918451,82,-0.537923250212793,0.592087069627817,0.989292669723712
"726","STX5","week52 - week24",-0.0225885281385275,0.310734474918451,82,-0.0726939878314294,0.94222665653294,0.98284708916301
"727","ITGA6","week24 - week0",0.0543969696969695,0.125209284882592,82,0.434448369767283,0.665103979516157,0.94553529381538
"728","ITGA6","week52 - week0",0.0613450216450217,0.125209284882592,82,0.489939877082954,0.625484721687222,0.989292669723712
"729","ITGA6","week52 - week24",0.0069480519480522,0.125209284882592,82,0.0554915073156702,0.955881880668862,0.985584424983431
"730","SUSD5","week24 - week0",-0.0574283549783568,0.0988661859848639,82,-0.580869529923496,0.562921505627245,0.939634152089483
"731","SUSD5","week52 - week0",-0.0373095238095243,0.0988661859848639,82,-0.377373956908141,0.706870671656113,0.989292669723712
"732","SUSD5","week52 - week24",0.0201188311688325,0.0988661859848639,82,0.203495573015355,0.839251854141557,0.970683670495244
"733","DTD1","week24 - week0",-0.271212554112553,0.353077747051272,82,-0.768138338871776,0.44461149493838,0.872697894837231
"734","DTD1","week52 - week0",0.221171861471863,0.353077747051272,82,0.626411217696327,0.532785231640021,0.989292669723712
"735","DTD1","week52 - week24",0.492384415584416,0.353077747051272,82,1.3945495565681,0.166918396567813,0.821359378462206
"736","FOXO1","week24 - week0",-0.00284502164502054,0.268326585113311,82,-0.0106028317835861,0.991566076437703,0.995622722354238
"737","FOXO1","week52 - week0",0.395235497835498,0.268326585113311,82,1.47296436418551,0.144588911522495,0.738111226653297
"738","FOXO1","week52 - week24",0.398080519480519,0.268326585113311,82,1.4835671959691,0.141757410496714,0.821359378462206
"739","AGT","week24 - week0",-0.0195435064935062,0.0901399091909054,82,-0.216813026204802,0.828892575988862,0.97244903805597
"740","AGT","week52 - week0",0.0118943722943723,0.0901399091909054,82,0.131954562647511,0.895343471835935,0.989292669723712
"741","AGT","week52 - week24",0.0314378787878785,0.0901399091909054,82,0.348767588852313,0.728157726387857,0.954091476599915
"742","TERF1","week24 - week0",-0.132176406926406,0.326309104978139,82,-0.405065028557082,0.686484528386509,0.94553529381538
"743","TERF1","week52 - week0",0.263951515151515,0.326309104978139,82,0.808900245579109,0.420913337609245,0.936315691338011
"744","TERF1","week52 - week24",0.396127922077921,0.326309104978139,82,1.21396527413619,0.228245805455856,0.821359378462206
"745","B4GALT1","week24 - week0",0.0137181818181804,0.143747067461506,82,0.0954327768937199,0.924203916932654,0.988043962089831
"746","B4GALT1","week52 - week0",0.0121603896103874,0.143747067461505,82,0.084595740456715,0.932788982330183,0.989292669723712
"747","B4GALT1","week52 - week24",-0.00155779220779295,0.143747067461505,82,-0.010837036437005,0.991379787834494,0.995470763575214
"748","GZMA","week24 - week0",-0.336369696969699,0.258656347683806,82,-1.30045019185415,0.197089823492542,0.836903694877573
"749","GZMA","week52 - week0",-0.111613636363636,0.258656347683806,82,-0.431513231216263,0.667227644350456,0.989292669723712
"750","GZMA","week52 - week24",0.224756060606063,0.258656347683806,82,0.868936960637886,0.387417848630495,0.836730856509649
"751","ADAM23","week24 - week0",0.0762701298701296,0.173283351497501,82,0.440146899347279,0.660988731715642,0.94553529381538
"752","ADAM23","week52 - week0",0.111495021645022,0.173283351497501,82,0.643426045730826,0.52174309006383,0.989292669723712
"753","ADAM23","week52 - week24",0.0352248917748921,0.173283351497501,82,0.203279146383547,0.839420446105839,0.970683670495244
"754","SELENOP","week24 - week0",-0.19916038961039,0.249429797006982,82,-0.79846270173092,0.426908530876101,0.87154806974561
"755","SELENOP","week52 - week0",-0.480218181818182,0.249429797006982,82,-1.92526389220747,0.0576632211829452,0.526176893294375
"756","SELENOP","week52 - week24",-0.281057792207792,0.249429797006982,82,-1.12680119047655,0.263113227838608,0.821359378462206
"757","CRELD2","week24 - week0",-0.36730974025974,0.191637216950429,82,-1.91669314606438,0.0587604032439581,0.728787311252389
"758","CRELD2","week52 - week0",-0.0994149350649345,0.191637216950429,82,-0.518766326535886,0.605320905318965,0.989292669723712
"759","CRELD2","week52 - week24",0.267894805194806,0.191637216950429,82,1.3979268195285,0.16590516592989,0.821359378462206
"760","ANGPT1","week24 - week0",0.0306515151515152,0.143367329191716,82,0.213797071650313,0.831236020349402,0.97244903805597
"761","ANGPT1","week52 - week0",0.0644919913419906,0.143367329191716,82,0.449837433016205,0.654014580242634,0.989292669723712
"762","ANGPT1","week52 - week24",0.0338404761904754,0.143367329191716,82,0.236040361365892,0.81398992480108,0.963067496117971
"763","LAMA4","week24 - week0",-0.231074675324675,0.163713131340818,82,-1.41146084881624,0.161891976566813,0.836903694877573
"764","LAMA4","week52 - week0",-0.183038744588745,0.163713131340817,82,-1.11804559041569,0.266812380163344,0.869522488925185
"765","LAMA4","week52 - week24",0.04803593073593,0.163713131340818,82,0.293415258400555,0.769946080706738,0.954091476599915
"766","FGFR4","week24 - week0",-0.0655744588744598,0.158856275796808,82,-0.412791112882034,0.680837014158179,0.94553529381538
"767","FGFR4","week52 - week0",0.0466645021645014,0.158856275796808,82,0.293752965883385,0.769688909623031,0.989292669723712
"768","FGFR4","week52 - week24",0.112238961038961,0.158856275796808,82,0.706544078765419,0.481852695661562,0.877166347541417
"769","PDLIM7","week24 - week0",-0.0209402597402586,0.235476969836947,82,-0.088926996787662,0.929356762231699,0.988965650771341
"770","PDLIM7","week52 - week0",0.207657792207793,0.235476969836947,82,0.881860304010123,0.380430084533521,0.931734332087105
"771","PDLIM7","week52 - week24",0.228598051948052,0.235476969836947,82,0.970787300797785,0.334509084831023,0.821359378462206
"772","CRLF1","week24 - week0",-0.0759538961038965,0.144239555059377,82,-0.526581602894087,0.599905712933321,0.939634152089483
"773","CRLF1","week52 - week0",-0.138233766233767,0.144239555059377,82,-0.958362400500072,0.340697246169511,0.916071137979956
"774","CRLF1","week52 - week24",-0.06227987012987,0.144239555059377,82,-0.431780797605985,0.667033938850711,0.924543568839989
"775","AGRP","week24 - week0",0.0596807359307323,0.229173369486163,82,0.260417412653767,0.795194643003133,0.97244903805597
"776","AGRP","week52 - week0",0.0868064935064918,0.229173369486163,82,0.378780892828532,0.705829554614149,0.989292669723712
"777","AGRP","week52 - week24",0.0271257575757596,0.229173369486163,82,0.118363480174765,0.906069131896026,0.970683670495244
"778","DEFB103A_DEFB103B","week24 - week0",-0.297143506493504,0.343846187977974,82,-0.864175660172038,0.390012290533312,0.867924301148837
"779","DEFB103A_DEFB103B","week52 - week0",-0.81073116883117,0.343846187977974,82,-2.35783090572784,0.0207639127998978,0.336836807642787
"780","DEFB103A_DEFB103B","week52 - week24",-0.513587662337666,0.343846187977974,82,-1.4936552455558,0.139103832359602,0.821359378462206
"781","DAAM1","week24 - week0",0.0653023809523806,0.242928366231761,82,0.268813321249113,0.788748517719214,0.97244903805597
"782","DAAM1","week52 - week0",0.297864718614719,0.242928366231761,82,1.22614218847768,0.22365470824256,0.859304931668782
"783","DAAM1","week52 - week24",0.232562337662339,0.242928366231761,82,0.957328867228569,0.34121533589905,0.821359378462206
"784","DAPK2","week24 - week0",0.107227705627707,0.396175682156469,82,0.270656959670124,0.787334980831584,0.97244903805597
"785","DAPK2","week52 - week0",0.744168831168832,0.396175682156468,82,1.87838089182598,0.0638830866923892,0.532731223328339
"786","DAPK2","week52 - week24",0.636941125541125,0.396175682156468,82,1.60772393215585,0.111739542526563,0.821359378462206
"787","MXRA8","week24 - week0",-0.0570707792207798,0.151202344607014,82,-0.377446390590773,0.706817057874524,0.951986074259045
"788","MXRA8","week52 - week0",0.00361341991342016,0.151202344607014,82,0.0238979092739051,0.980992101989332,0.995460443067912
"789","MXRA8","week52 - week24",0.0606841991342,0.151202344607014,82,0.401344299864679,0.689210655989031,0.936442443913945
"790","CRHBP","week24 - week0",0.0637792207792211,0.155265371076855,82,0.41077556661138,0.682308572555483,0.94553529381538
"791","CRHBP","week52 - week0",-0.141489610389611,0.155265371076855,82,-0.911276026381796,0.364821121247421,0.925370007894372
"792","CRHBP","week52 - week24",-0.205268831168832,0.155265371076855,82,-1.32205159299318,0.189827089171291,0.821359378462206
"793","AFM","week24 - week0",-0.116301731601733,0.244700165137325,82,-0.475282603656866,0.635849152790554,0.94553529381538
"794","AFM","week52 - week0",-0.596362770562772,0.244700165137325,82,-2.43711633879812,0.0169685322735806,0.309675713992845
"795","AFM","week52 - week24",-0.480061038961039,0.244700165137325,82,-1.96183373514125,0.0531746557333594,0.821359378462206
"796","DDX39A","week24 - week0",-0.12790367965368,0.276795976667462,82,-0.462086484036366,0.645242988677891,0.94553529381538
"797","DDX39A","week52 - week0",0.0708655844155841,0.276795976667462,82,0.256021006044899,0.798575790932134,0.989292669723712
"798","DDX39A","week52 - week24",0.198769264069264,0.276795976667462,82,0.718107490081266,0.47473206370963,0.875137390171793
"799","ACYP1","week24 - week0",-0.304098268398268,0.285705213440214,82,-1.06437773653683,0.290281877131346,0.853267848645464
"800","ACYP1","week52 - week0",0.0156036796536804,0.285705213440214,82,0.0546146129634612,0.956578342198685,0.989292669723712
"801","ACYP1","week52 - week24",0.319701948051948,0.285705213440214,82,1.11899234950029,0.266410636063683,0.821359378462206
"802","ST13","week24 - week0",0.060931818181817,0.4027702896422,82,0.151281809380592,0.880124976863847,0.977262642045504
"803","ST13","week52 - week0",0.126921428571428,0.4027702896422,82,0.31512112942635,0.753470206674968,0.989292669723712
"804","ST13","week52 - week24",0.0659896103896109,0.4027702896422,82,0.163839320045758,0.870260794311806,0.970683670495244
"805","CLEC7A","week24 - week0",-0.366714502164503,0.176588875253045,82,-2.07665687682203,0.040964347975936,0.664532756054073
"806","CLEC7A","week52 - week0",-0.0896142857142866,0.176588875253045,82,-0.507474129306691,0.61318439008048,0.989292669723712
"807","CLEC7A","week52 - week24",0.277100216450217,0.176588875253045,82,1.56918274751534,0.120456377306546,0.821359378462206
"808","HLA-E","week24 - week0",-0.149181168831169,0.15705781547316,82,-0.949848744436811,0.344980274315083,0.865582065676754
"809","HLA-E","week52 - week0",-0.20688051948052,0.15705781547316,82,-1.31722524509374,0.191432111303049,0.825497707840298
"810","HLA-E","week52 - week24",-0.0576993506493508,0.15705781547316,82,-0.367376500656927,0.714284664421077,0.951510593115669
"811","OMD","week24 - week0",0.121909307359308,0.250000092619356,82,0.487637048778713,0.627108181843206,0.94553529381538
"812","OMD","week52 - week0",0.166711688311689,0.250000092619356,82,0.666846506195181,0.506742271427283,0.989292669723712
"813","OMD","week52 - week24",0.0448023809523813,0.250000092619356,82,0.179209457416467,0.858215311131372,0.970683670495244
"814","MST1","week24 - week0",0.135206493506493,0.174031473518106,82,0.776908284307702,0.439448339204428,0.872102028279009
"815","MST1","week52 - week0",-0.0258047619047643,0.174031473518106,82,-0.148276408761658,0.882488653533647,0.989292669723712
"816","MST1","week52 - week24",-0.161011255411257,0.174031473518106,82,-0.92518469306936,0.357584638780916,0.821359378462206
"817","C8B","week24 - week0",-0.342199567099568,0.217002847320094,82,-1.57693583897911,0.118660608417,0.817190982494432
"818","C8B","week52 - week0",-0.44052142857143,0.217002847320094,82,-2.03002602966601,0.0455960757688698,0.455960757688698
"819","C8B","week52 - week24",-0.0983218614718619,0.217002847320094,82,-0.4530901906869,0.65168045279081,0.920041313064554
"820","CASP9","week24 - week0",0.15619935064935,0.295391187472334,82,0.528788119868943,0.598380871785573,0.939634152089483
"821","CASP9","week52 - week0",-0.0682019480519482,0.295391187472334,82,-0.230886874573182,0.817977792206504,0.989292669723712
"822","CASP9","week52 - week24",-0.224401298701298,0.295391187472334,82,-0.759674994442125,0.44962740127178,0.870095040906987
"823","C1QA","week24 - week0",-0.0627571428571447,0.105685649579017,82,-0.593809501168117,0.554274134340739,0.939284725775812
"824","C1QA","week52 - week0",0.082175757575756,0.105685649579017,82,0.777548871612093,0.439072583051158,0.959649657566903
"825","C1QA","week52 - week24",0.144932900432901,0.105685649579017,82,1.37135837278021,0.174004429996637,0.821359378462206
"826","CNTNAP2","week24 - week0",-0.0974803030303021,0.188083186065327,82,-0.518282920815922,0.605656587728486,0.939634152089483
"827","CNTNAP2","week52 - week0",-0.0575175324675314,0.188083186065327,82,-0.305809007550276,0.760525091550238,0.989292669723712
"828","CNTNAP2","week52 - week24",0.0399627705627707,0.188083186065327,82,0.212473913265646,0.832264619131986,0.970683670495244
"829","EVI5","week24 - week0",-0.119722294372292,0.243864198093431,82,-0.490938380083261,0.624781365564508,0.94553529381538
"830","EVI5","week52 - week0",0.00410367965367954,0.243864198093431,82,0.0168277249623469,0.986614928831524,0.997548816285334
"831","EVI5","week52 - week24",0.123825974025972,0.243864198093431,82,0.507766105045608,0.612980491069692,0.916473752585181
"832","PROS1","week24 - week0",-0.240116017316019,0.244447702374158,82,-0.982279706390905,0.328851441522395,0.863674546256164
"833","PROS1","week52 - week0",-0.55339155844156,0.244447702374158,82,-2.2638443849823,0.0262246629898523,0.371569400662202
"834","PROS1","week52 - week24",-0.313275541125541,0.244447702374158,82,-1.28156467859139,0.203607451008942,0.821359378462206
"835","SH2D1A","week24 - week0",-0.276669913419917,0.344181725778553,82,-0.803848353058486,0.423808773916883,0.87154806974561
"836","SH2D1A","week52 - week0",-0.0274359307359309,0.344181725778553,82,-0.079713502144455,0.936659340388945,0.989292669723712
"837","SH2D1A","week52 - week24",0.249233982683986,0.344181725778553,82,0.724134850914031,0.471043929258132,0.874190353994038
"838","XIAP","week24 - week0",0.0631108225108232,0.183497401889564,82,0.343933057694221,0.731777012762463,0.962012827338402
"839","XIAP","week52 - week0",0.216452597402598,0.183497401889564,82,1.17959488893945,0.241572390137286,0.864450219608914
"840","XIAP","week52 - week24",0.153341774891774,0.183497401889564,82,0.835661831245224,0.405773560668001,0.854417010924208
"841","DAND5","week24 - week0",-0.549845021645016,0.944352402221205,82,-0.582245590048513,0.561998786599528,0.939634152089483
"842","DAND5","week52 - week0",-0.547532251082251,0.944352402221205,82,-0.57979653548231,0.563641519696606,0.989292669723712
"843","DAND5","week52 - week24",0.00231277056276474,0.944352402221205,82,0.00244905456620314,0.998051887433313,0.999823500929534
"844","TNFRSF13B","week24 - week0",-1.11594069264069,0.128159693407823,82,-8.70742323867464,2.74970042258672e-13,1.00364065424415e-10
"845","TNFRSF13B","week52 - week0",-1.13954199134199,0.128159693407823,82,-8.89157863163578,1.18268143685161e-13,4.31678724450838e-11
"846","TNFRSF13B","week52 - week24",-0.0236012987012969,0.128159693407823,82,-0.18415539296114,0.854346207262133,0.970683670495244
"847","CSH1","week24 - week0",-0.815574891774893,0.622320218515587,82,-1.31053895970193,0.193672433905591,0.836903694877573
"848","CSH1","week52 - week0",0.160245887445887,0.622320218515587,82,0.257497479076158,0.797439846072018,0.989292669723712
"849","CSH1","week52 - week24",0.97582077922078,0.622320218515587,82,1.56803643877808,0.120723713923033,0.821359378462206
"850","KLRD1","week24 - week0",-0.0454084415584428,0.134437265898424,82,-0.337766773632184,0.7364021165236,0.962012827338402
"851","KLRD1","week52 - week0",-0.0323389610389619,0.134437265898424,82,-0.240550570727882,0.810503858232547,0.989292669723712
"852","KLRD1","week52 - week24",0.0130694805194809,0.134437265898424,82,0.0972162029043024,0.922791926257087,0.97519672893397
"853","TNFSF11","week24 - week0",0.0452348484848488,0.332474812553092,82,0.136054963494792,0.892111291796591,0.979310139866934
"854","TNFSF11","week52 - week0",-0.604761688311689,0.332474812553092,82,-1.81896993539959,0.0725665026854847,0.557616283793725
"855","TNFSF11","week52 - week24",-0.649996536796538,0.332474812553092,82,-1.95502489889438,0.0539871110071239,0.821359378462206
"856","PSIP1","week24 - week0",-0.300090043290043,0.390417897037926,82,-0.768638030087261,0.444316366522472,0.872697894837231
"857","PSIP1","week52 - week0",0.135446536796538,0.390417897037926,82,0.346927069235712,0.729534876478082,0.989292669723712
"858","PSIP1","week52 - week24",0.435536580086581,0.390417897037926,82,1.11556509932297,0.267866954062694,0.821359378462206
"859","ALPI","week24 - week0",-0.393555411255413,0.378996292420589,82,-1.03841493736479,0.302129274149369,0.853267848645464
"860","ALPI","week52 - week0",-0.273561688311689,0.378996292420589,82,-0.721805710985969,0.472467215289478,0.989292669723712
"861","ALPI","week52 - week24",0.119993722943724,0.378996292420589,82,0.316609226378821,0.752344743255996,0.954091476599915
"862","CD276","week24 - week0",-0.0314571428571424,0.147385217665956,82,-0.213434857004718,0.831517570111748,0.97244903805597
"863","CD276","week52 - week0",0.0522404761904757,0.147385217665956,82,0.354448546589504,0.723912658710688,0.989292669723712
"864","CD276","week52 - week24",0.0836976190476181,0.147385217665956,82,0.567883403594222,0.571665840354259,0.910484685798641
"865","SNCA","week24 - week0",-0.245037662337663,0.544472943205267,82,-0.450045618236137,0.653865086243635,0.94553529381538
"866","SNCA","week52 - week0",-0.12550367965368,0.544472943205267,82,-0.23050489692812,0.818273566294904,0.989292669723712
"867","SNCA","week52 - week24",0.119533982683983,0.544472943205267,82,0.219540721308017,0.826774447782859,0.970330139680847
"868","C1QL2","week24 - week0",-0.129921645021644,0.145552921010931,82,-0.892607610477891,0.374679380311381,0.865582065676754
"869","C1QL2","week52 - week0",-0.152011688311689,0.145552921010931,82,-1.04437401362954,0.299381449976173,0.902742473418827
"870","C1QL2","week52 - week24",-0.0220900432900446,0.145552921010931,82,-0.151766403151646,0.879743956531658,0.970683670495244
"871","SUMF1","week24 - week0",-0.472633116883116,0.331334283551433,82,-1.42645400837233,0.157533704534239,0.836903694877573
"872","SUMF1","week52 - week0",-0.376936147186149,0.331334283551433,82,-1.13763098447263,0.258587817619923,0.86556206373234
"873","SUMF1","week52 - week24",0.0956969696969673,0.331334283551433,82,0.288823023899705,0.773445706544502,0.954091476599915
"874","SERPINA5","week24 - week0",-0.131349350649351,0.243468490604687,82,-0.539492195984488,0.59100923881679,0.939634152089483
"875","SERPINA5","week52 - week0",-0.532810173160175,0.243468490604687,82,-2.18841531336096,0.0314841994809186,0.386061699416008
"876","SERPINA5","week52 - week24",-0.401460822510824,0.243468490604687,82,-1.64892311737647,0.102989612507665,0.821359378462206
"877","MERTK","week24 - week0",-0.130623593073594,0.132887123898832,82,-0.982966515048059,0.328515341533619,0.863674546256164
"878","MERTK","week52 - week0",0.10913961038961,0.132887123898832,82,0.821295601767249,0.413859363086288,0.936315691338011
"879","MERTK","week52 - week24",0.239763203463204,0.132887123898832,82,1.80426211681531,0.0748619995013582,0.821359378462206
"880","SELL","week24 - week0",-0.336402597402599,0.224818578004852,82,-1.49632917523097,0.138407047674162,0.836903694877573
"881","SELL","week52 - week0",-0.823647835497837,0.224818578004852,82,-3.66361108947171,0.000439616928906239,0.0320920358101554
"882","SELL","week52 - week24",-0.487245238095238,0.224818578004852,82,-2.16728191424075,0.0331140740074757,0.821359378462206
"883","ITIH1","week24 - week0",-0.328567099567101,0.207796977423376,82,-1.58119287220267,0.117683723615111,0.817190982494432
"884","ITIH1","week52 - week0",-0.391899567099568,0.207796977423376,82,-1.88597337631669,0.0628390691547283,0.532731223328339
"885","ITIH1","week52 - week24",-0.0633324675324677,0.207796977423376,82,-0.304780504114027,0.761305545684548,0.954091476599915
"886","PPL","week24 - week0",-0.0852441558441564,0.15261882499272,82,-0.558542865522799,0.577995790336364,0.939634152089483
"887","PPL","week52 - week0",-0.103545454545455,0.15261882499272,82,-0.678457946130788,0.499391628608195,0.989292669723712
"888","PPL","week52 - week24",-0.0183012987012985,0.15261882499272,82,-0.119915080607988,0.904843736252702,0.970683670495244
"889","DIPK2B","week24 - week0",0.232535497835499,0.293869214577315,82,0.791289071126301,0.431058206934736,0.87154806974561
"890","DIPK2B","week52 - week0",0.223481168831168,0.293869214577315,82,0.760478327587363,0.44914989673786,0.970057469285911
"891","DIPK2B","week52 - week24",-0.00905432900433084,0.293869214577315,82,-0.0308107435389382,0.975495341259852,0.991798884567816
"892","F13B","week24 - week0",-0.118033766233767,0.228041456972632,82,-0.517597842956827,0.606132458892983,0.939634152089483
"893","F13B","week52 - week0",-0.49225064935065,0.228041456972632,82,-2.15860158010535,0.0338045482991784,0.391703496165082
"894","F13B","week52 - week24",-0.374216883116884,0.228041456972632,82,-1.64100373714852,0.104627055041619,0.821359378462206
"895","DENR","week24 - week0",-0.0365415584415596,0.343705218563321,82,-0.106316565673057,0.915590855374043,0.98726931229402
"896","DENR","week52 - week0",0.154828138528138,0.343705218563321,82,0.45046781417901,0.653561958483925,0.989292669723712
"897","DENR","week52 - week24",0.191369696969698,0.343705218563321,82,0.556784379852067,0.579191237069687,0.910484685798641
"898","HRG","week24 - week0",-0.229216666666669,0.250297150327075,82,-0.915778171533878,0.362468584904451,0.865582065676754
"899","HRG","week52 - week0",-0.769050000000002,0.250297150327075,82,-3.07254796546844,0.00288043160049409,0.126963980204384
"900","HRG","week52 - week24",-0.539833333333333,0.250297150327075,82,-2.15676979393456,0.0339518487316358,0.821359378462206
"901","CSF1R","week24 - week0",0.0823103896103877,0.241846059242224,82,0.340342074906206,0.734469283039041,0.962012827338402
"902","CSF1R","week52 - week0",-0.162101948051949,0.241846059242224,82,-0.670269131363411,0.50456956930186,0.989292669723712
"903","CSF1R","week52 - week24",-0.244412337662337,0.241846059242224,82,-1.01061120626962,0.315175383985232,0.821359378462206
"904","GSR","week24 - week0",-0.249096536796539,0.24362326803861,82,-1.02246611664803,0.309567385370683,0.856000724699238
"905","GSR","week52 - week0",-0.0186151515151519,0.24362326803861,82,-0.0764095796966395,0.939279371060843,0.989292669723712
"906","GSR","week52 - week24",0.230481385281387,0.24362326803861,82,0.946056536951387,0.346899257806917,0.821359378462206
"907","CA8","week24 - week0",-0.0362716450216455,0.212686044707176,82,-0.170540784994069,0.865004953640648,0.976902147976808
"908","CA8","week52 - week0",0.0885645021645017,0.212686044707176,82,0.416409559388048,0.67819827691496,0.989292669723712
"909","CA8","week52 - week24",0.124836147186147,0.212686044707176,82,0.586950344382117,0.55884964134951,0.908811914527359
"910","LIFR","week24 - week0",-0.132383982683983,0.125076733414454,82,-1.05842213071967,0.292971013068167,0.853267848645464
"911","LIFR","week52 - week0",-0.132387662337663,0.125076733414454,82,-1.05845154988964,0.292957687704658,0.902742473418827
"912","LIFR","week52 - week24",-3.67965367983891e-06,0.125076733414454,82,-2.94191699718125e-05,0.999976598352076,0.999976598352076
"913","FASLG","week24 - week0",0.113369047619047,0.121305074128114,82,0.934577950954586,0.352749881974939,0.865582065676754
"914","FASLG","week52 - week0",0.124227489177488,0.121305074128114,82,1.02409144935098,0.308803782197257,0.902742473418827
"915","FASLG","week52 - week24",0.0108584415584411,0.121305074128114,82,0.0895134983963919,0.928892101806615,0.975341137715443
"916","SLC9A3R1","week24 - week0",-0.073157359307357,0.298166012718487,82,-0.245357808022299,0.8067924215832,0.97244903805597
"917","SLC9A3R1","week52 - week0",0.0399175324675333,0.298166012718487,82,0.133876869813533,0.893827971181748,0.989292669723712
"918","SLC9A3R1","week52 - week24",0.11307489177489,0.298166012718487,82,0.379234677835832,0.705493878172378,0.944973451496947
"919","CD40","week24 - week0",-0.205550216450217,0.160730540126596,82,-1.27884978354655,0.204557382931086,0.836903694877573
"920","CD40","week52 - week0",0.0135411255411255,0.160730540126596,82,0.0842473715975827,0.933065096653723,0.989292669723712
"921","CD40","week52 - week24",0.219091341991343,0.160730540126596,82,1.36309715514413,0.176583174238743,0.821359378462206
"922","IL12B","week24 - week0",-0.429180086580088,0.312766450929228,82,-1.37220627501766,0.173741386071662,0.836903694877573
"923","IL12B","week52 - week0",-0.521461255411256,0.312766450929228,82,-1.66725444452881,0.0992789184502823,0.647085807756304
"924","IL12B","week52 - week24",-0.0922811688311673,0.312766450929228,82,-0.295048169511149,0.768702825258181,0.954091476599915
"925","CXCL6","week24 - week0",-0.574484632034633,0.16347200622681,82,-3.5142691724084,0.000720769337356062,0.0657702020337407
"926","CXCL6","week52 - week0",-0.273458874458876,0.16347200622681,82,-1.67281775498286,0.0981745067280118,0.647085807756304
"927","CXCL6","week52 - week24",0.301025757575757,0.16347200622681,82,1.84145141742555,0.0691713465186623,0.821359378462206
"928","MRPS16","week24 - week0",-0.456705627705627,0.157417589578748,82,-2.90123631627049,0.00477084945326111,0.267901546221585
"929","MRPS16","week52 - week0",-0.131746753246752,0.157417589578748,82,-0.83692523560619,0.405067099591412,0.936315691338011
"930","MRPS16","week52 - week24",0.324958874458875,0.157417589578748,82,2.0643110806643,0.042149313665957,0.821359378462206
"931","SFRP4","week24 - week0",-0.249029004329004,0.259384179868957,82,-0.960077844588733,0.339838461374221,0.865582065676754
"932","SFRP4","week52 - week0",-0.331024891774892,0.259384179868957,82,-1.27619537915585,0.205489319288484,0.834043212901948
"933","SFRP4","week52 - week24",-0.0819958874458879,0.259384179868957,82,-0.316117534567116,0.752716555783359,0.954091476599915
"934","NCF2","week24 - week0",0.231796320346322,0.32907744264784,82,0.704382283031103,0.483190442281699,0.914750880192837
"935","NCF2","week52 - week0",0.570674025974027,0.32907744264784,82,1.73416330630942,0.0866470756133408,0.614100632987756
"936","NCF2","week52 - week24",0.338877705627704,0.32907744264784,82,1.02978102327832,0.306140740646544,0.821359378462206
"937","PPM1B","week24 - week0",-0.878077056277057,0.427911580940004,82,-2.05200582407273,0.043359659553954,0.688098945095358
"938","PPM1B","week52 - week0",-0.267687878787878,0.427911580940003,82,-0.625568203131688,0.533335439182651,0.989292669723712
"939","PPM1B","week52 - week24",0.610389177489179,0.427911580940004,82,1.42643762094104,0.157538418185197,0.821359378462206
"940","GAD2","week24 - week0",0.421068398268398,0.274859361925317,82,1.5319412637755,0.129386048368871,0.836903694877573
"941","GAD2","week52 - week0",0.432069480519483,0.274859361925317,82,1.57196566816189,0.119809321358107,0.677990733266808
"942","GAD2","week52 - week24",0.0110010822510841,0.274859361925317,82,0.0400244043863905,0.968170959294066,0.98983350503297
"943","TSC1","week24 - week0",0.297156926406925,0.228241398788156,82,1.30194140057271,0.196581890478915,0.836903694877573
"944","TSC1","week52 - week0",0.0857937229437226,0.228241398788155,82,0.375890278447482,0.707969182530496,0.989292669723712
"945","TSC1","week52 - week24",-0.211363203463202,0.228241398788156,82,-0.926051122125223,0.357136912835309,0.821359378462206
"946","B2M","week24 - week0",-0.251735497835499,0.258513443813193,82,-0.973781069650708,0.33302915113904,0.865582065676754
"947","B2M","week52 - week0",-0.330041558441559,0.258513443813193,82,-1.27669011550538,0.205315384179758,0.834043212901948
"948","B2M","week52 - week24",-0.0783060606060595,0.258513443813193,82,-0.302909045854672,0.76272628911342,0.954091476599915
"949","ACE","week24 - week0",-0.00249437229437384,0.150546422298814,82,-0.0165687915812629,0.986820869814317,0.995622722354238
"950","ACE","week52 - week0",-0.0239084415584421,0.150546422298814,82,-0.158811090913786,0.874208194771934,0.989292669723712
"951","ACE","week52 - week24",-0.0214140692640683,0.150546422298814,82,-0.142242299332523,0.887237535858213,0.970683670495244
"952","ADD1","week24 - week0",-0.460636147186148,0.385679580082773,82,-1.19434932771729,0.23578476545123,0.853267848645464
"953","ADD1","week52 - week0",-0.0895025974025974,0.385679580082773,82,-0.232064651655627,0.817065978566352,0.989292669723712
"954","ADD1","week52 - week24",0.37113354978355,0.385679580082773,82,0.962284676061665,0.338735758864027,0.821359378462206
"955","INHBB","week24 - week0",-0.00267683982684041,0.196895336591025,82,-0.0135952423921574,0.98918592345248,0.995622722354238
"956","INHBB","week52 - week0",0.0951396103896107,0.196895336591025,82,0.483198901694798,0.630242197735613,0.989292669723712
"957","INHBB","week52 - week24",0.0978164502164511,0.196895336591025,82,0.496794144086955,0.620663522918812,0.916473752585181
"958","IL15","week24 - week0",-0.198593722943724,0.176176569543273,82,-1.12724253547771,0.262927723064067,0.853267848645464
"959","IL15","week52 - week0",0.093641991341991,0.176176569543273,82,0.531523525431062,0.596493026255332,0.989292669723712
"960","IL15","week52 - week24",0.292235714285715,0.176176569543273,82,1.65876606090877,0.100983439717382,0.821359378462206
"961","GOPC","week24 - week0",0.0782270562770566,0.266288833372606,82,0.293767693095853,0.769677695139421,0.97244903805597
"962","GOPC","week52 - week0",0.371209307359308,0.266288833372606,82,1.39401004036805,0.167080697510253,0.792005903782368
"963","GOPC","week52 - week24",0.292982251082251,0.266288833372606,82,1.1002423472722,0.274446034279082,0.821359378462206
"964","IL10RA","week24 - week0",-0.40195670995671,0.278853592998965,82,-1.4414614695612,0.153262500891344,0.836903694877573
"965","IL10RA","week52 - week0",-0.170641991341992,0.278853592998964,82,-0.611941160616945,0.542269751915657,0.989292669723712
"966","IL10RA","week52 - week24",0.231314718614718,0.278853592998965,82,0.82952030894426,0.409218395378572,0.854417010924208
"967","LAMP3","week24 - week0",0.124195238095237,0.219087991907946,82,0.56687377986202,0.572348427175398,0.939634152089483
"968","LAMP3","week52 - week0",0.155529004329004,0.219087991907946,82,0.709892874431717,0.479784475078194,0.989292669723712
"969","LAMP3","week52 - week24",0.0313337662337675,0.219087991907946,82,0.143019094569697,0.886625958057462,0.970683670495244
"970","BTN3A2","week24 - week0",-0.132159956709956,0.153614898067403,82,-0.860332938879192,0.392114021946372,0.867924301148837
"971","BTN3A2","week52 - week0",-0.0735296536796535,0.153614898067403,82,-0.478662256100905,0.633452787043238,0.989292669723712
"972","BTN3A2","week52 - week24",0.0586303030303027,0.153614898067403,82,0.381670682778288,0.703692901742942,0.944293783588874
"973","YTHDF3","week24 - week0",-0.3743303030303,0.376577011297151,82,-0.99403386770979,0.323130659193069,0.863674546256164
"974","YTHDF3","week52 - week0",0.186895887445888,0.376577011297151,82,0.496301903300231,0.621009209239842,0.989292669723712
"975","YTHDF3","week52 - week24",0.561226190476188,0.376577011297151,82,1.49033577101002,0.13997265945622,0.821359378462206
"976","SLAMF1","week24 - week0",-0.455869264069265,0.255971973127534,82,-1.78093428940416,0.0786264967848662,0.729436004495896
"977","SLAMF1","week52 - week0",-0.41793722943723,0.255971973127534,82,-1.63274605547929,0.106356800391732,0.655247480533601
"978","SLAMF1","week52 - week24",0.037932034632035,0.255971973127534,82,0.148188233924876,0.88255801716357,0.970683670495244
"979","PRKG1","week24 - week0",-0.150151298701294,0.341622877182142,82,-0.439523546958591,0.661438386487579,0.94553529381538
"980","PRKG1","week52 - week0",0.109519264069266,0.341622877182142,82,0.32058527512159,0.74934025086869,0.989292669723712
"981","PRKG1","week52 - week24",0.259670562770561,0.341622877182142,82,0.760108822080181,0.44936949593796,0.870095040906987
"982","TLR1","week24 - week0",-0.442339177489178,0.277049937231681,82,-1.59660450353856,0.114200779102675,0.817190982494432
"983","TLR1","week52 - week0",0.0946365800865797,0.277049937231681,82,0.34158672271216,0.733535753885026,0.989292669723712
"984","TLR1","week52 - week24",0.536975757575758,0.277049937231681,82,1.93819122625072,0.0560411674314043,0.821359378462206
"985","LRRN1","week24 - week0",-0.131907359307359,0.188213777705304,82,-0.700837956262126,0.485388153239503,0.914750880192837
"986","LRRN1","week52 - week0",0.00984393939393927,0.188213777705303,82,0.0523019064489129,0.958415338723472,0.989292669723712
"987","LRRN1","week52 - week24",0.141751298701298,0.188213777705304,82,0.753139862711038,0.453522785884176,0.870095040906987
"988","HMCN2","week24 - week0",-0.273156060606061,0.227052588611566,82,-1.20305195495202,0.232418240048968,0.853267848645464
"989","HMCN2","week52 - week0",-0.126838744588745,0.227052588611566,82,-0.558631572378752,0.577935517326837,0.989292669723712
"990","HMCN2","week52 - week24",0.146317316017316,0.227052588611566,82,0.644420382573266,0.521101520328721,0.898985066775436
"991","PINLYP","week24 - week0",-0.0917067099567106,0.190375157626752,82,-0.481715740120411,0.631291054660611,0.94553529381538
"992","PINLYP","week52 - week0",-0.206874675324675,0.190375157626752,82,-1.08666843880057,0.28036740163943,0.887628358681639
"993","PINLYP","week52 - week24",-0.115167965367965,0.190375157626752,82,-0.604952698680163,0.546880912811043,0.908811914527359
"994","CTBS","week24 - week0",0.343730303030303,0.303335064624415,82,1.13317035554694,0.260445068534939,0.853267848645464
"995","CTBS","week52 - week0",0.218556277056276,0.303335064624415,82,0.720511086731397,0.473259373372695,0.989292669723712
"996","CTBS","week52 - week24",-0.125174025974027,0.303335064624415,82,-0.412659268815543,0.680933236306053,0.936252078659557
"997","VTI1A","week24 - week0",-0.28884935064935,0.244624783339819,82,-1.18078531008077,0.241101688238996,0.853267848645464
"998","VTI1A","week52 - week0",-0.0263958874458867,0.244624783339819,82,-0.107903570053321,0.914335771744745,0.989292669723712
"999","VTI1A","week52 - week24",0.262453463203463,0.244624783339819,82,1.07288174002745,0.286471466667545,0.821359378462206
"1000","ADA","week24 - week0",-0.243919480519481,0.25473572069055,82,-0.957539366125224,0.341109775343747,0.865582065676754
"1001","ADA","week52 - week0",0.240824242424243,0.25473572069055,82,0.945388584574655,0.347237979362219,0.917632655220087
"1002","ADA","week52 - week24",0.484743722943724,0.25473572069055,82,1.90292795069988,0.0605594744178356,0.821359378462206
"1003","CLSTN2","week24 - week0",0.113818181818181,0.209723456258591,82,0.54270601795653,0.58880428841776,0.939634152089483
"1004","CLSTN2","week52 - week0",0.11114220779221,0.209723456258591,82,0.529946481785855,0.597581088941318,0.989292669723712
"1005","CLSTN2","week52 - week24",-0.00267597402597042,0.209723456258591,82,-0.0127595361706748,0.989850632334951,0.995304354827155
"1006","HS6ST2","week24 - week0",-0.0432774891774897,0.160598672011296,82,-0.26947600895757,0.788240346297706,0.97244903805597
"1007","HS6ST2","week52 - week0",-0.186293073593075,0.160598672011296,82,-1.15999137016508,0.249418662000436,0.86556206373234
"1008","HS6ST2","week52 - week24",-0.143015584415586,0.160598672011296,82,-0.890515361207511,0.37579459745634,0.827357182371241
"1009","MDH1","week24 - week0",-0.191139177489179,0.167292532673027,82,-1.14254458603218,0.256552807097435,0.853267848645464
"1010","MDH1","week52 - week0",-0.0196638528138527,0.167292532673027,82,-0.117541724664338,0.906718215927959,0.989292669723712
"1011","MDH1","week52 - week24",0.171475324675326,0.167292532673027,82,1.02500286136785,0.30837614398226,0.821359378462206
"1012","RAP1A","week24 - week0",-0.271831601731602,0.520321021259261,82,-0.522430558491997,0.602779186591194,0.939634152089483
"1013","RAP1A","week52 - week0",-0.470907575757577,0.520321021259261,82,-0.905032771149443,0.368099488096772,0.925370007894372
"1014","RAP1A","week52 - week24",-0.199075974025975,0.520321021259261,82,-0.382602212657446,0.703004653661428,0.944293783588874
"1015","LTO1","week24 - week0",-0.976092640692642,0.332787084425007,82,-2.93308450470409,0.00434990892908838,0.264619459852876
"1016","LTO1","week52 - week0",-0.241566233766234,0.332787084425007,82,-0.725888248288284,0.469974058170771,0.989292669723712
"1017","LTO1","week52 - week24",0.734526406926408,0.332787084425007,82,2.20719625641581,0.0300950096477625,0.821359378462206
"1018","TP53BP1","week24 - week0",-0.133921212121212,0.271068859018993,82,-0.494048680493502,0.622592668883304,0.944891160675285
"1019","TP53BP1","week52 - week0",-0.0133203463203462,0.271068859018993,82,-0.0491400833299444,0.9609271555928,0.989292669723712
"1020","TP53BP1","week52 - week24",0.120600865800866,0.271068859018993,82,0.444908597163557,0.657558004915924,0.92311027613197
"1021","ADAMTS1","week24 - week0",-0.356768181818187,0.415302734340407,82,-0.859055701583121,0.392814138244433,0.867924301148837
"1022","ADAMTS1","week52 - week0",0.0627324675324649,0.415302734340407,82,0.151052382624203,0.880305377530293,0.989292669723712
"1023","ADAMTS1","week52 - week24",0.419500649350652,0.415302734340407,82,1.01010808420732,0.315414881799344,0.821359378462206
"1024","CEMIP2","week24 - week0",-0.255291991341991,0.178450368714507,82,-1.43060500900628,0.156343219804769,0.836903694877573
"1025","CEMIP2","week52 - week0",-0.0192850649350652,0.178450368714506,82,-0.108069627840996,0.914204457331313,0.989292669723712
"1026","CEMIP2","week52 - week24",0.236006926406926,0.178450368714506,82,1.32253538116529,0.189666761790307,0.821359378462206
"1027","GLI2","week24 - week0",-0.0397253246753244,0.146141880344209,82,-0.2718271078883,0.786438185601112,0.97244903805597
"1028","GLI2","week52 - week0",-0.0484967532467538,0.146141880344209,82,-0.331847059395493,0.740851449579914,0.989292669723712
"1029","GLI2","week52 - week24",-0.00877142857142941,0.146141880344209,82,-0.0600199515071929,0.952285782743744,0.98465810397016
"1030","DNER","week24 - week0",-0.149847186147185,0.102440791368101,82,-1.46276872860869,0.147353110472254,0.836903694877573
"1031","DNER","week52 - week0",-0.104831385281385,0.102440791368101,82,-1.02333634757559,0.309158381307818,0.902742473418827
"1032","DNER","week52 - week24",0.0450158008658005,0.102440791368101,82,0.439432381033108,0.661504159391104,0.924543568839989
"1033","PSPN","week24 - week0",-0.395795021645024,0.208736549321111,82,-1.8961462328102,0.0614627834698425,0.728787311252389
"1034","PSPN","week52 - week0",-0.42481233766234,0.208736549321111,82,-2.03516029676637,0.0450649945541469,0.455960757688698
"1035","PSPN","week52 - week24",-0.0290173160173159,0.208736549321111,82,-0.139014063956174,0.889779882816501,0.970683670495244
"1036","LMOD1","week24 - week0",-0.0324673160173183,0.169238398745033,82,-0.191843672937559,0.848338933307884,0.97244903805597
"1037","LMOD1","week52 - week0",-0.0776077922077926,0.169238398745033,82,-0.458570825434912,0.647755496581528,0.989292669723712
"1038","LMOD1","week52 - week24",-0.0451404761904743,0.169238398745033,82,-0.266727152497353,0.79034885951454,0.958466621415501
"1039","AOC1","week24 - week0",-0.078108008658008,0.23128279596789,82,-0.337716466679399,0.736439890224114,0.962012827338402
"1040","AOC1","week52 - week0",-0.0431445887445886,0.23128279596789,82,-0.186544738721416,0.852478342133095,0.989292669723712
"1041","AOC1","week52 - week24",0.0349634199134194,0.23128279596789,82,0.151171727957982,0.880211534251668,0.970683670495244
"1042","ACTN4","week24 - week0",-0.238792640692641,0.194629353983574,82,-1.22690969170454,0.223367603712411,0.853267848645464
"1043","ACTN4","week52 - week0",0.0160034632034635,0.194629353983574,82,0.0822253317699147,0.934667909871038,0.989292669723712
"1044","ACTN4","week52 - week24",0.254796103896104,0.194629353983574,82,1.30913502347446,0.194145320760724,0.821359378462206
"1045","HCLS1","week24 - week0",-0.117177705627705,0.227285213608038,82,-0.515553580312455,0.607553463196702,0.939634152089483
"1046","HCLS1","week52 - week0",0.236052597402598,0.227285213608038,82,1.03857436942502,0.302055535703237,0.902742473418827
"1047","HCLS1","week52 - week24",0.353230303030303,0.227285213608038,82,1.55412794973747,0.124005193092261,0.821359378462206
"1048","INSR","week24 - week0",-0.18107683982684,0.0670760870694848,82,-2.6995736891936,0.00843029188718884,0.384632067352991
"1049","INSR","week52 - week0",-0.0745339826839828,0.0670760870694848,82,-1.11118560936288,0.269735996461092,0.871418236926979
"1050","INSR","week52 - week24",0.106542857142857,0.0670760870694848,82,1.58838807983072,0.116047221624875,0.821359378462206
"1051","IDS","week24 - week0",-0.174349783549784,0.0788229301292018,82,-2.21191705591254,0.0297543727906367,0.658202792035296
"1052","IDS","week52 - week0",-0.0634478354978357,0.0788229301292018,82,-0.804941346304125,0.423181332992695,0.936315691338011
"1053","IDS","week52 - week24",0.110901948051948,0.0788229301292018,82,1.40697570960841,0.163213586283996,0.821359378462206
"1054","MVK","week24 - week0",0.0981554112554115,0.358503490006981,82,0.273792066162313,0.784932901669844,0.97244903805597
"1055","MVK","week52 - week0",0.543331168831168,0.35850349000698,82,1.51555335994243,0.133477853195707,0.711232356444276
"1056","MVK","week52 - week24",0.445175757575756,0.358503490006981,82,1.24176129378012,0.217864751925449,0.821359378462206
"1057","PDE5A","week24 - week0",0.186469913419913,0.279304802734351,82,0.667621578986117,0.506249812506662,0.920626399316496
"1058","PDE5A","week52 - week0",0.546740476190477,0.279304802734351,82,1.95750474334123,0.0536899934522199,0.496122724305323
"1059","PDE5A","week52 - week24",0.360270562770564,0.279304802734351,82,1.28988316435511,0.200717207766478,0.821359378462206
"1060","HDAC8","week24 - week0",-0.329520129870128,0.39349544337498,82,-0.837417905132165,0.404791815351525,0.87154806974561
"1061","HDAC8","week52 - week0",-0.271315367965366,0.39349544337498,82,-0.689500660130431,0.492454870521083,0.989292669723712
"1062","HDAC8","week52 - week24",0.0582047619047629,0.39349544337498,82,0.147917245001734,0.882771199087656,0.970683670495244
"1063","IL2","week24 - week0",0.177826839826841,0.271882975089975,82,0.654056546821266,0.514905533444024,0.921031596506803
"1064","IL2","week52 - week0",0.0197491341991341,0.271882975089975,82,0.0726383628566609,0.942270785655116,0.989292669723712
"1065","IL2","week52 - week24",-0.158077705627707,0.271882975089975,82,-0.581418183964605,0.562553515677277,0.908811914527359
"1066","NCLN","week24 - week0",-0.269614935064935,0.209357925798753,82,-1.28781814223792,0.20143183527009,0.836903694877573
"1067","NCLN","week52 - week0",-0.0251034632034625,0.209357925798753,82,-0.119906915908182,0.90485018382416,0.989292669723712
"1068","NCLN","week52 - week24",0.244511471861473,0.209357925798753,82,1.16791122632974,0.246227183602106,0.821359378462206
"1069","RAB6A","week24 - week0",-0.374274891774888,0.260490070826227,82,-1.43681058778078,0.154576468481039,0.836903694877573
"1070","RAB6A","week52 - week0",-0.106614069264068,0.260490070826227,82,-0.409282660663061,0.683399343147292,0.989292669723712
"1071","RAB6A","week52 - week24",0.267660822510821,0.260490070826227,82,1.02752792711772,0.30719345718021,0.821359378462206
"1072","SLC39A5","week24 - week0",0.0542603896103915,0.215860412644983,82,0.251367950915721,0.802158513479372,0.97244903805597
"1073","SLC39A5","week52 - week0",-0.1467170995671,0.215860412644983,82,-0.679685069482376,0.498618178798648,0.989292669723712
"1074","SLC39A5","week52 - week24",-0.200977489177491,0.215860412644983,82,-0.931053020398097,0.354559222880865,0.821359378462206
"1075","PDIA3","week24 - week0",-0.787940043290043,0.345541457592219,82,-2.28030537574425,0.0251854121128588,0.621118835388796
"1076","PDIA3","week52 - week0",-0.220387662337661,0.345541457592219,82,-0.637803822074935,0.525378450725616,0.989292669723712
"1077","PDIA3","week52 - week24",0.567552380952382,0.345541457592219,82,1.64250155366932,0.104315756433558,0.821359378462206
"1078","PPBP","week24 - week0",-0.2022183982684,0.231006137470544,82,-0.875381063389216,0.383923556869662,0.865582065676754
"1079","PPBP","week52 - week0",-0.519022943722946,0.231006137470544,82,-2.2467928748825,0.0273408108854037,0.371569400662202
"1080","PPBP","week52 - week24",-0.316804545454546,0.231006137470544,82,-1.37141181149329,0.17398784281472,0.821359378462206
"1081","CFH","week24 - week0",-0.168905627705629,0.251162458113467,82,-0.672495519331645,0.503158935005698,0.920626399316496
"1082","CFH","week52 - week0",-0.62639458874459,0.251162458113467,82,-2.49398175766222,0.0146414179067739,0.280800721681016
"1083","CFH","week52 - week24",-0.457488961038961,0.251162458113467,82,-1.82148623833058,0.0721797137458043,0.821359378462206
"1084","BSG","week24 - week0",-0.107129220779222,0.101030797199319,82,-1.06036202572837,0.292093227914932,0.853267848645464
"1085","BSG","week52 - week0",-0.00469004329004344,0.101030797199319,82,-0.0464219170793108,0.963086839118692,0.989292669723712
"1086","BSG","week52 - week24",0.102439177489179,0.101030797199319,82,1.01394010864906,0.313593815651394,0.821359378462206
"1087","PLXNA4","week24 - week0",0.0442577922077916,0.23141941875217,82,0.191244937207226,0.848806441125846,0.97244903805597
"1088","PLXNA4","week52 - week0",0.311595670995671,0.23141941875217,82,1.34645429789694,0.181866173545462,0.816048997141891
"1089","PLXNA4","week52 - week24",0.267337878787879,0.23141941875217,82,1.15520936068971,0.251359874348084,0.821359378462206
"1090","PAXX","week24 - week0",-0.44365735930736,0.340537049011525,82,-1.30281671434918,0.196284197674858,0.836903694877573
"1091","PAXX","week52 - week0",0.0208129870129869,0.340537049011525,82,0.0611181281842922,0.951413852193379,0.989292669723712
"1092","PAXX","week52 - week24",0.464470346320347,0.340537049011525,82,1.36393484253347,0.176320375425441,0.821359378462206
"1093","FCN1","week24 - week0",0.297827705627704,0.368900426658717,82,0.807339011031382,0.421806877085677,0.87154806974561
"1094","FCN1","week52 - week0",0.332371861471859,0.368900426658717,82,0.900979878180918,0.370237650710143,0.925594126775357
"1095","FCN1","week52 - week24",0.0345441558441557,0.368900426658717,82,0.0936408671495351,0.925622869401679,0.97519672893397
"1096","ICA1","week24 - week0",-0.425589177489177,0.320317130891255,82,-1.32864944283502,0.187649310680265,0.836903694877573
"1097","ICA1","week52 - week0",0.120501082251083,0.320317130891255,82,0.376193061906491,0.707744952250424,0.989292669723712
"1098","ICA1","week52 - week24",0.54609025974026,0.320317130891255,82,1.70484250474151,0.0920099389712983,0.821359378462206
"1099","LTA","week24 - week0",-0.36458051948052,0.101642562218086,82,-3.58688832241625,0.000567637764518405,0.0591965097283479
"1100","LTA","week52 - week0",-0.472373376623376,0.101642562218086,82,-4.64739737286279,1.26840106105952e-05,0.0018518655491469
"1101","LTA","week52 - week24",-0.107792857142856,0.101642562218086,82,-1.06050905044654,0.29202677397353,0.821359378462206
"1102","GIMAP7","week24 - week0",-0.326195021645022,0.24547380170049,82,-1.3288384315774,0.187587208243066,0.836903694877573
"1103","GIMAP7","week52 - week0",0.062904329004329,0.24547380170049,82,0.256256792246532,0.79839435636558,0.989292669723712
"1104","GIMAP7","week52 - week24",0.389099350649351,0.24547380170049,82,1.58509522382394,0.116793885545623,0.821359378462206
"1105","ANGPTL4","week24 - week0",0.144245454545454,0.245427403012143,82,0.587731658222035,0.558327512259987,0.939284725775812
"1106","ANGPTL4","week52 - week0",0.293927922077922,0.245427403012143,82,1.19761655980762,0.234516772582912,0.860602741638164
"1107","ANGPTL4","week52 - week24",0.149682467532467,0.245427403012143,82,0.609884901585589,0.543624470352257,0.908811914527359
"1108","PRKAB1","week24 - week0",-0.22206774891775,0.196032951900291,82,-1.13280826904398,0.260596240200433,0.853267848645464
"1109","PRKAB1","week52 - week0",0.00854242424242438,0.196032951900291,82,0.0435764709943732,0.965347946431878,0.989292669723712
"1110","PRKAB1","week52 - week24",0.230610173160174,0.196032951900291,82,1.17638474003835,0.242844990358416,0.821359378462206
"1111","IL7","week24 - week0",-0.127442640692643,0.229562906889971,82,-0.555153454097555,0.580301022054906,0.939634152089483
"1112","IL7","week52 - week0",0.180826839826837,0.229562906889971,82,0.787700601445629,0.433142910747115,0.952392544715041
"1113","IL7","week52 - week24",0.30826948051948,0.229562906889971,82,1.34285405554318,0.183024564469657,0.821359378462206
"1114","SERPINA3","week24 - week0",-0.039438095238096,0.211529260061728,82,-0.186442741900517,0.852558060761398,0.97244903805597
"1115","SERPINA3","week52 - week0",-0.272285930735932,0.211529260061728,82,-1.28722584599632,0.201637155343105,0.834043212901948
"1116","SERPINA3","week52 - week24",-0.232847835497836,0.211529260061728,82,-1.1007831040958,0.274211954247482,0.821359378462206
"1117","FGF2","week24 - week0",0.01081904761905,0.212831161877557,82,0.0508339451967763,0.959581466384254,0.994695336947633
"1118","FGF2","week52 - week0",-0.114737012987012,0.212831161877557,82,-0.539098748392029,0.59127944221904,0.989292669723712
"1119","FGF2","week52 - week24",-0.125556060606062,0.212831161877557,82,-0.589932693588805,0.556857924695504,0.908811914527359
"1120","DBNL","week24 - week0",-0.151279004329004,0.192163926209043,82,-0.787239349826964,0.433411302780238,0.87154806974561
"1121","DBNL","week52 - week0",0.0238281385281389,0.192163926209043,82,0.123999019994095,0.901619505041502,0.989292669723712
"1122","DBNL","week52 - week24",0.175107142857143,0.192163926209043,82,0.911238369821059,0.364840839063619,0.821359378462206
"1123","BCL2L15","week24 - week0",-0.281632900432898,0.402599142236878,82,-0.699536762219909,0.48619635823948,0.914750880192837
"1124","BCL2L15","week52 - week0",0.214462987012987,0.402599142236878,82,0.532696085295688,0.595684628348456,0.989292669723712
"1125","BCL2L15","week52 - week24",0.496095887445885,0.402599142236878,82,1.2322328475156,0.221383725605902,0.821359378462206
"1126","NT5C3A","week24 - week0",0.200504545454547,0.276667936220749,82,0.724711899013003,0.470691680618653,0.899489337307898
"1127","NT5C3A","week52 - week0",0.451129220779222,0.276667936220749,82,1.63058006266138,0.106814315319861,0.655247480533601
"1128","NT5C3A","week52 - week24",0.250624675324675,0.276667936220749,82,0.905868163648373,0.367659739681769,0.821359378462206
"1129","CEBPA","week24 - week0",-0.115123160173159,0.267557955093618,82,-0.430273733153916,0.668125277239198,0.94553529381538
"1130","CEBPA","week52 - week0",0.165322943722944,0.267557955093618,82,0.617895826214913,0.538356354350066,0.989292669723712
"1131","CEBPA","week52 - week24",0.280446103896102,0.267557955093618,82,1.04816955936883,0.297640142220042,0.821359378462206
"1132","MYO9B","week24 - week0",-0.0739108225108223,0.209728949635276,82,-0.352411160401819,0.725434099243007,0.962012827338402
"1133","MYO9B","week52 - week0",0.102437229437229,0.209728949635276,82,0.488426750886658,0.626551245703072,0.989292669723712
"1134","MYO9B","week52 - week24",0.176348051948052,0.209728949635276,82,0.840837911288477,0.402883993569099,0.854417010924208
"1135","TNFRSF13C","week24 - week0",-1.0856816017316,0.208730954074189,82,-5.20134450851847,1.42887242686669e-06,0.000347692290537562
"1136","TNFRSF13C","week52 - week0",-1.33603463203464,0.208730954074189,82,-6.400749893376,9.06212764824408e-09,2.20511772773939e-06
"1137","TNFRSF13C","week52 - week24",-0.250353030303031,0.208730954074189,82,-1.19940538485753,0.233824627733095,0.821359378462206
"1138","CPB2","week24 - week0",0.0451517316017304,0.2994538243005,82,0.150780280422871,0.880519342547308,0.977262642045504
"1139","CPB2","week52 - week0",-0.384673160173162,0.299453824300499,82,-1.28458255983782,0.202555347656044,0.834043212901948
"1140","CPB2","week52 - week24",-0.429824891774892,0.299453824300499,82,-1.43536284026069,0.154987260002946,0.821359378462206
"1141","DGKA","week24 - week0",-0.108485930735929,0.312762324532453,82,-0.346863807519349,0.72958222724205,0.962012827338402
"1142","DGKA","week52 - week0",0.0582242424242434,0.312762324532453,82,0.186161304790411,0.852778034200922,0.989292669723712
"1143","DGKA","week52 - week24",0.166710173160172,0.312762324532453,82,0.53302511230976,0.595457878716169,0.916473752585181
"1144","TFF2","week24 - week0",0.033181601731601,0.191064448737958,82,0.173667063395499,0.862555132423976,0.976902147976808
"1145","TFF2","week52 - week0",-0.217894155844158,0.191064448737958,82,-1.14042228830857,0.257430381525086,0.86556206373234
"1146","TFF2","week52 - week24",-0.251075757575759,0.191064448737958,82,-1.31408935170407,0.192480401825208,0.821359378462206
"1147","TGFA","week24 - week0",-0.306411255411255,0.281003551260188,82,-1.09041773328886,0.278723074747139,0.853267848645464
"1148","TGFA","week52 - week0",-0.119109956709957,0.281003551260188,82,-0.423873492615295,0.672767942192404,0.989292669723712
"1149","TGFA","week52 - week24",0.187301298701298,0.281003551260188,82,0.666544240673568,0.506934391709227,0.891182537037634
"1150","IL24","week24 - week0",-0.0781108225108232,0.174213559415326,82,-0.448362474040306,0.655074125876991,0.94553529381538
"1151","IL24","week52 - week0",-0.058426406926408,0.174213559415326,82,-0.335372327633346,0.738200738716698,0.989292669723712
"1152","IL24","week52 - week24",0.0196844155844152,0.174213559415326,82,0.112990146406959,0.910314530303781,0.970683670495244
"1153","FKBP1B","week24 - week0",0.00319025974026286,0.338846115609434,82,0.00941506953539956,0.992510840790872,0.995622722354238
"1154","FKBP1B","week52 - week0",-0.0582380952380932,0.338846115609434,82,-0.171871810108694,0.863961769821222,0.989292669723712
"1155","FKBP1B","week52 - week24",-0.061428354978356,0.338846115609434,82,-0.181286879644093,0.856589758193415,0.970683670495244
"1156","STX8","week24 - week0",-0.0506168831168821,0.191713704159277,82,-0.264023291077977,0.79242438515187,0.97244903805597
"1157","STX8","week52 - week0",0.0906287878787884,0.191713704159277,82,0.472729835752864,0.637661789438111,0.989292669723712
"1158","STX8","week52 - week24",0.14124567099567,0.191713704159277,82,0.736753126830841,0.463375204674086,0.871814173742481
"1159","ST8SIA1","week24 - week0",-0.00815476190476088,0.26206371425006,82,-0.0311174781602143,0.975251465807214,0.995622722354238
"1160","ST8SIA1","week52 - week0",-0.128082683982683,0.26206371425006,82,-0.488746350669772,0.626325910070635,0.989292669723712
"1161","ST8SIA1","week52 - week24",-0.119927922077922,0.26206371425006,82,-0.457628872509558,0.648429370846669,0.920041313064554
"1162","TREML1","week24 - week0",-0.0453512987012982,0.16795169992449,82,-0.270025839105456,0.787818787528617,0.97244903805597
"1163","TREML1","week52 - week0",0.00153463203463149,0.16795169992449,82,0.009137341481637,0.992731751547005,0.998333364820653
"1164","TREML1","week52 - week24",0.0468859307359297,0.16795169992449,82,0.279163180587093,0.780822477517404,0.956718991378464
"1165","PIKFYVE","week24 - week0",-0.171301082251083,0.231140004405714,82,-0.741113952522054,0.460741487549692,0.891081481134704
"1166","PIKFYVE","week52 - week0",0.233939393939394,0.231140004405714,82,1.01211122904007,0.31446206060356,0.910336885873302
"1167","PIKFYVE","week52 - week24",0.405240476190477,0.231140004405714,82,1.75322518156212,0.0833004653370386,0.821359378462206
"1168","ADH1B","week24 - week0",0.00323766233766448,0.297405997470515,82,0.0108863384235736,0.991340572627283,0.995622722354238
"1169","ADH1B","week52 - week0",-0.138434632034631,0.297405997470515,82,-0.465473572194372,0.642826259136344,0.989292669723712
"1170","ADH1B","week52 - week24",-0.141672294372295,0.297405997470515,82,-0.476359910617945,0.635084857673728,0.920041313064554
"1171","TPSG1","week24 - week0",-0.254783766233767,0.420264941120972,82,-0.606245587733735,0.546026344133462,0.939284725775812
"1172","TPSG1","week52 - week0",-0.66819458874459,0.420264941120971,82,-1.58993654565217,0.115697425904251,0.668702665676293
"1173","TPSG1","week52 - week24",-0.413410822510823,0.420264941120972,82,-0.983690957918434,0.328161070597465,0.821359378462206
"1174","ISM1","week24 - week0",0.231094372294372,0.198253713817681,82,1.16564965086551,0.24713554692935,0.853267848645464
"1175","ISM1","week52 - week0",0.0017787878787876,0.198253713817681,82,0.00897228023896398,0.992863045013417,0.998333364820653
"1176","ISM1","week52 - week24",-0.229315584415584,0.198253713817681,82,-1.15667737062655,0.250762810828696,0.821359378462206
"1177","TNFRSF14","week24 - week0",-0.176030952380953,0.0956759084967015,82,-1.83986705897882,0.0694061853715455,0.728787311252389
"1178","TNFRSF14","week52 - week0",-0.0816945887445897,0.0956759084967015,82,-0.853867917516626,0.395665739754067,0.936009948666461
"1179","TNFRSF14","week52 - week24",0.0943363636363633,0.0956759084967015,82,0.985999141462196,0.327033994010203,0.821359378462206
"1180","AMOT","week24 - week0",-0.0330673160173147,0.176681857547582,82,-0.187157393952626,0.851999535661379,0.97244903805597
"1181","AMOT","week52 - week0",-0.29004761904762,0.176681857547582,82,-1.6416378176775,0.104495179381472,0.655247480533601
"1182","AMOT","week52 - week24",-0.256980303030305,0.176681857547582,82,-1.45448042372487,0.149630374426599,0.821359378462206
"1183","EPCAM","week24 - week0",0.105627272727276,0.247093996848382,82,0.427478101752871,0.670151621029558,0.94553529381538
"1184","EPCAM","week52 - week0",0.613947186147189,0.247093996848382,82,2.4846705868128,0.0150016823911775,0.280800721681016
"1185","EPCAM","week52 - week24",0.508319913419913,0.247093996848382,82,2.05719248505993,0.0428459004991046,0.821359378462206
"1186","NRTN","week24 - week0",0.138837445887445,0.395993246706996,82,0.350605589974048,0.726783352078063,0.962012827338402
"1187","NRTN","week52 - week0",0.0180642857142852,0.395993246706996,82,0.0456176610699913,0.963725903845435,0.989292669723712
"1188","NRTN","week52 - week24",-0.12077316017316,0.395993246706996,82,-0.304987928904056,0.7611481266258,0.954091476599915
"1189","KRT19","week24 - week0",0.100520779220778,0.225015973693655,82,0.446727303714139,0.656249587448278,0.94553529381538
"1190","KRT19","week52 - week0",-0.324685064935066,0.225015973693655,82,-1.44294229251966,0.152845959249078,0.764229796245391
"1191","KRT19","week52 - week24",-0.425205844155844,0.225015973693655,82,-1.8896695962338,0.0623360356386403,0.821359378462206
"1192","DPP10","week24 - week0",-0.0438614718614722,0.135659150863582,82,-0.323321144075116,0.747275142053264,0.968106129922017
"1193","DPP10","week52 - week0",-0.0654595238095242,0.135659150863582,82,-0.48252936416615,0.630715585102406,0.989292669723712
"1194","DPP10","week52 - week24",-0.0215980519480521,0.135659150863582,82,-0.159208220091034,0.873896312022783,0.970683670495244
"1195","PCDH1","week24 - week0",-0.014897835497836,0.0638033499932729,82,-0.233496133030737,0.815958091131213,0.97244903805597
"1196","PCDH1","week52 - week0",0.0532926406926405,0.0638033499932729,82,0.835263990029668,0.405996177642804,0.936315691338011
"1197","PCDH1","week52 - week24",0.0681904761904765,0.0638033499932729,82,1.06876012306041,0.288313933107589,0.821359378462206
"1198","PPP1R9B","week24 - week0",-0.0836891774891763,0.214167945781186,82,-0.390764253651108,0.696984895723042,0.948787387030154
"1199","PPP1R9B","week52 - week0",0.286728138528139,0.214167945781186,82,1.33880043291393,0.184335487060641,0.816048997141891
"1200","PPP1R9B","week52 - week24",0.370417316017316,0.214167945781186,82,1.72956468656504,0.0874707791659414,0.821359378462206
"1201","MZB1","week24 - week0",-0.51831038961039,0.151987887108869,82,-3.41020853352035,0.00100953551875132,0.0669964480625874
"1202","MZB1","week52 - week0",-0.444711904761906,0.151987887108868,82,-2.92596938625352,0.00444086137573722,0.162091440214409
"1203","MZB1","week52 - week24",0.0735984848484846,0.151987887108869,82,0.484239147266823,0.629507012969045,0.920041313064554
"1204","VEGFD","week24 - week0",-0.0869021645021644,0.110082214228425,82,-0.789429655928242,0.432137684403503,0.87154806974561
"1205","VEGFD","week52 - week0",0.0838859307359312,0.110082214228425,82,0.762029827651038,0.448228508528239,0.970057469285911
"1206","VEGFD","week52 - week24",0.170788095238096,0.110082214228425,82,1.55145948357928,0.124642805059247,0.821359378462206
"1207","SERPIND1","week24 - week0",-0.202348701298702,0.258810515773969,82,-0.78184111141536,0.436559691173311,0.87154806974561
"1208","SERPIND1","week52 - week0",-0.583931385281387,0.258810515773968,82,-2.25621197629915,0.0267192061096062,0.371569400662202
"1209","SERPIND1","week52 - week24",-0.381582683982685,0.258810515773969,82,-1.47437086488379,0.144210783723874,0.821359378462206
"1210","LRIG3","week24 - week0",-0.0746400432900455,0.124254736451315,82,-0.600701795535099,0.549695402782179,0.939284725775812
"1211","LRIG3","week52 - week0",-0.0702976190476193,0.124254736451315,82,-0.565754039284957,0.573105922618163,0.989292669723712
"1212","LRIG3","week52 - week24",0.00434242424242616,0.124254736451315,82,0.0349477562501417,0.972206333025533,0.98983350503297
"1213","SRPK2","week24 - week0",-0.192464935064934,0.335724174552064,82,-0.573282919890199,0.568022040677042,0.939634152089483
"1214","SRPK2","week52 - week0",0.252573593073594,0.335724174552064,82,0.752324712423784,0.454010027801397,0.976321926083016
"1215","SRPK2","week52 - week24",0.445038528138528,0.335724174552064,82,1.32560763231398,0.18865098867267,0.821359378462206
"1216","SIRT1","week24 - week0",-0.214710389610392,0.236743319140673,82,-0.906933257461049,0.367099560583171,0.865582065676754
"1217","SIRT1","week52 - week0",-0.0245413419913423,0.236743319140673,82,-0.103662236722971,0.917690510903457,0.989292669723712
"1218","SIRT1","week52 - week24",0.190169047619049,0.236743319140673,82,0.803271020738079,0.424140419406548,0.860062517129944
"1219","IL3RA","week24 - week0",0.339604112554112,0.234149937740111,82,1.45037028765324,0.150769756462983,0.836903694877573
"1220","IL3RA","week52 - week0",0.10356341991342,0.234149937740111,82,0.442295312623007,0.659439930792334,0.989292669723712
"1221","IL3RA","week52 - week24",-0.236040692640692,0.234149937740111,82,-1.00807497503023,0.31638392883344,0.821359378462206
"1222","SAA4","week24 - week0",-0.0635997835497843,0.169751865675295,82,-0.374663237407001,0.708878147774956,0.953003771410162
"1223","SAA4","week52 - week0",-0.388605844155845,0.169751865675295,82,-2.28925816284799,0.024635567059528,0.371569400662202
"1224","SAA4","week52 - week24",-0.325006060606061,0.169751865675295,82,-1.91459492544099,0.0590316803916594,0.821359378462206
"1225","CCL3","week24 - week0",-1.50116493506493,0.790346222635624,82,-1.89937636452401,0.0610311302582017,0.728787311252389
"1226","CCL3","week52 - week0",-0.467654329004326,0.790346222635623,82,-0.591708185110072,0.555673864650027,0.989292669723712
"1227","CCL3","week52 - week24",1.03351060606061,0.790346222635624,82,1.30766817941393,0.194640318178315,0.821359378462206
"1228","CCL7","week24 - week0",-1.7136474025974,1.4151277038959,82,-1.21094894678386,0.229393552048608,0.853267848645464
"1229","CCL7","week52 - week0",-1.24891774891774,1.4151277038959,82,-0.882547734370139,0.380060606839322,0.931734332087105
"1230","CCL7","week52 - week24",0.464729653679653,1.4151277038959,82,0.328401212413717,0.743445473622435,0.954091476599915
"1231","CD226","week24 - week0",-0.26234632034632,0.180984579264236,82,-1.44955068223407,0.150997764789149,0.836903694877573
"1232","CD226","week52 - week0",0.0362047619047618,0.180984579264236,82,0.200043352046602,0.841941954932933,0.989292669723712
"1233","CD226","week52 - week24",0.298551082251082,0.180984579264236,82,1.64959403428067,0.102851849889712,0.821359378462206
"1234","SCG3","week24 - week0",-0.0439586580086586,0.117914249633368,82,-0.372801914487347,0.710257781068169,0.953103272389271
"1235","SCG3","week52 - week0",-0.140038961038962,0.117914249633368,82,-1.18763390747418,0.238406473099689,0.860602741638164
"1236","SCG3","week52 - week24",-0.0960803030303038,0.117914249633368,82,-0.814831992986828,0.417528758714101,0.859235053017188
"1237","PHYKPL","week24 - week0",-0.337645670995671,0.222001022629446,82,-1.52091943990391,0.132126942993049,0.836903694877573
"1238","PHYKPL","week52 - week0",-0.0839062770562767,0.222001022629446,82,-0.377954461932049,0.706441036545761,0.989292669723712
"1239","PHYKPL","week52 - week24",0.253739393939394,0.222001022629446,82,1.14296497797186,0.256379225491016,0.821359378462206
"1240","EGF","week24 - week0",-0.130443722943722,0.137522297801045,82,-0.948527802614498,0.345647931014118,0.865582065676754
"1241","EGF","week52 - week0",0.00477770562770614,0.137522297801045,82,0.0347413161654564,0.972370446104238,0.990000593662613
"1242","EGF","week52 - week24",0.135221428571428,0.137522297801045,82,0.983269118779954,0.328367329930464,0.821359378462206
"1243","IL1R2","week24 - week0",-0.102727056277057,0.0928380717739062,82,-1.10651863308012,0.271737736876887,0.853267848645464
"1244","IL1R2","week52 - week0",0.00931320346320273,0.0928380717739062,82,0.100316640417562,0.92033781130956,0.989292669723712
"1245","IL1R2","week52 - week24",0.11204025974026,0.0928380717739062,82,1.20683527349768,0.230965584052714,0.821359378462206
"1246","CELSR2","week24 - week0",-0.0480504329004336,0.160036996739844,82,-0.300245779908907,0.764749547578367,0.97244903805597
"1247","CELSR2","week52 - week0",-0.0922253246753254,0.160036996739844,82,-0.576275027362871,0.566007736733459,0.989292669723712
"1248","CELSR2","week52 - week24",-0.0441748917748918,0.160036996739844,82,-0.276029247453965,0.783220074498635,0.956983513567831
"1249","GIT1","week24 - week0",-0.128817965367966,0.315127514216429,82,-0.408780444602796,0.683766431680637,0.94553529381538
"1250","GIT1","week52 - week0",0.17063787878788,0.315127514216429,82,0.541488353412029,0.589639252905864,0.989292669723712
"1251","GIT1","week52 - week24",0.299455844155846,0.315127514216429,82,0.950268798014825,0.344768138118454,0.821359378462206
"1252","MGMT","week24 - week0",-0.248096103896104,0.34697436539573,82,-0.715027185403584,0.476623115581427,0.906080402016775
"1253","MGMT","week52 - week0",0.21621774891775,0.34697436539573,82,0.623151939974441,0.534914072892353,0.989292669723712
"1254","MGMT","week52 - week24",0.464313852813854,0.34697436539573,82,1.33817912537803,0.184537039087915,0.821359378462206
"1255","PTPN6","week24 - week0",0.140065800865803,0.363881630123692,82,0.38492132954937,0.701292283430005,0.948787387030154
"1256","PTPN6","week52 - week0",0.486803030303031,0.363881630123692,82,1.33780600613874,0.184658158690578,0.816048997141891
"1257","PTPN6","week52 - week24",0.346737229437228,0.363881630123692,82,0.952884676589371,0.34344897009554,0.821359378462206
"1258","KLRF1","week24 - week0",0.0522216450216427,0.20571289866486,82,0.253856930511297,0.800241536495961,0.97244903805597
"1259","KLRF1","week52 - week0",0.131335930735929,0.20571289866486,82,0.638442856954232,0.524964583446482,0.989292669723712
"1260","KLRF1","week52 - week24",0.0791142857142867,0.20571289866486,82,0.384585926442935,0.70153984028278,0.944293783588874
"1261","SMPDL3A","week24 - week0",-0.185146103896103,0.136648005802371,82,-1.35491259319125,0.179166491167794,0.836903694877573
"1262","SMPDL3A","week52 - week0",-0.212183116883117,0.136648005802371,82,-1.552771411754,0.124329004042426,0.682407315420834
"1263","SMPDL3A","week52 - week24",-0.0270370129870137,0.136648005802371,82,-0.197858818562755,0.843645199092957,0.970683670495244
"1264","CEACAM21","week24 - week0",-0.189333116883119,0.168018190246008,82,-1.12686082742531,0.263088156045297,0.853267848645464
"1265","CEACAM21","week52 - week0",-0.0284162337662352,0.168018190246007,82,-0.169125936451458,0.86611409632028,0.989292669723712
"1266","CEACAM21","week52 - week24",0.160916883116884,0.168018190246008,82,0.957734890973853,0.341011743020931,0.821359378462206
"1267","TNFRSF11B","week24 - week0",-0.0277294372294381,0.115883321882643,82,-0.239287559063246,0.811479692628306,0.97244903805597
"1268","TNFRSF11B","week52 - week0",-0.0626077922077932,0.115883321882643,82,-0.540265770696469,0.590478148648292,0.989292669723712
"1269","TNFRSF11B","week52 - week24",-0.0348783549783551,0.115883321882643,82,-0.300978211633223,0.764192962286404,0.954091476599915
"1270","CD79B","week24 - week0",-0.439992640692643,0.167242132474868,82,-2.6308719829243,0.0101709069767002,0.432404083666836
"1271","CD79B","week52 - week0",-0.536930735930737,0.167242132474868,82,-3.2104992204128,0.00189279992272337,0.0921162629058708
"1272","CD79B","week52 - week24",-0.096938095238094,0.167242132474868,82,-0.579627237488503,0.563755165411235,0.908811914527359
"1273","ARTN","week24 - week0",-0.0733292207792237,0.16959255650571,82,-0.432384665283082,0.666596850087209,0.94553529381538
"1274","ARTN","week52 - week0",0.0672893939393928,0.16959255650571,82,0.396770915692442,0.692567147748384,0.989292669723712
"1275","ARTN","week52 - week24",0.140618614718616,0.16959255650571,82,0.829155580975524,0.409423530494934,0.854417010924208
"1276","BACH1","week24 - week0",-0.192629870129869,0.344071909440381,82,-0.559853521443158,0.577105555006605,0.939634152089483
"1277","BACH1","week52 - week0",0.234154112554113,0.344071909440381,82,0.680538300656265,0.498080773883965,0.989292669723712
"1278","BACH1","week52 - week24",0.426783982683982,0.344071909440381,82,1.24039182209942,0.218367980113448,0.821359378462206
"1279","CCL20","week24 - week0",-0.828517099567099,0.806571476441828,82,-1.02720852865029,0.307342887388434,0.853267848645464
"1280","CCL20","week52 - week0",0.0626623376623419,0.806571476441827,82,0.0776897516123127,0.938264105884407,0.989292669723712
"1281","CCL20","week52 - week24",0.891179437229441,0.806571476441828,82,1.1048982802626,0.272435148692293,0.821359378462206
"1282","TNFSF12","week24 - week0",-0.166106493506494,0.11930309624235,82,-1.39230664365213,0.167593917521262,0.836903694877573
"1283","TNFSF12","week52 - week0",-0.0290991341991342,0.11930309624235,82,-0.243909295866243,0.80791028604808,0.989292669723712
"1284","TNFSF12","week52 - week24",0.13700735930736,0.11930309624235,82,1.14839734778589,0.254143646457196,0.821359378462206
"1285","PTRHD1","week24 - week0",-0.0296904761904755,0.296499690306199,82,-0.100136617882514,0.920480285141782,0.988043962089831
"1286","PTRHD1","week52 - week0",0.108293506493507,0.296499690306199,82,0.365239863764011,0.715872765960597,0.989292669723712
"1287","PTRHD1","week52 - week24",0.137983982683983,0.296499690306199,82,0.465376481646525,0.642895481046709,0.920041313064554
"1288","TOP2B","week24 - week0",-0.105433549783548,0.330617075689581,82,-0.318899287230224,0.750613793884742,0.968106129922017
"1289","TOP2B","week52 - week0",0.0618482683982681,0.33061707568958,82,0.187069189542823,0.8520684663514,0.989292669723712
"1290","TOP2B","week52 - week24",0.167281818181816,0.330617075689581,82,0.505968476773047,0.614236334621985,0.916473752585181
"1291","CRKL","week24 - week0",-0.165105194805194,0.223064846911622,82,-0.740166803918719,0.461312791566641,0.891081481134704
"1292","CRKL","week52 - week0",0.111963636363638,0.223064846911622,82,0.501933128028898,0.617059670200126,0.989292669723712
"1293","CRKL","week52 - week24",0.277068831168832,0.223064846911622,82,1.24209993194762,0.217740446441866,0.821359378462206
"1294","PGR","week24 - week0",0.118225541125542,0.223641634880182,82,0.528638333326809,0.598484326960695,0.939634152089483
"1295","PGR","week52 - week0",-0.0614807359307359,0.223641634880182,82,-0.27490738012032,0.784078863616338,0.989292669723712
"1296","PGR","week52 - week24",-0.179706277056278,0.223641634880182,82,-0.803545713447129,0.423982604367312,0.860062517129944
"1297","CLEC4A","week24 - week0",-0.067421212121211,0.159135791145681,82,-0.42367095193243,0.672915071761621,0.94553529381538
"1298","CLEC4A","week52 - week0",0.0617837662337665,0.159135791145681,82,0.388245571841262,0.698840451402437,0.989292669723712
"1299","CLEC4A","week52 - week24",0.129204978354977,0.159135791145681,82,0.811916523773692,0.419190242758941,0.859235053017188
"1300","RBPMS","week24 - week0",-0.00526969696969463,0.519216855881647,82,-0.0101493179776425,0.991926806943434,0.995622722354238
"1301","RBPMS","week52 - week0",-0.347912337662336,0.519216855881647,82,-0.670071346338651,0.504694988061113,0.989292669723712
"1302","RBPMS","week52 - week24",-0.342642640692642,0.519216855881647,82,-0.659922028361008,0.511153239866909,0.891182537037634
"1303","C7","week24 - week0",-0.19783852813853,0.245508353840417,82,-0.805832164339007,0.422670362102404,0.87154806974561
"1304","C7","week52 - week0",-0.676060822510825,0.245508353840417,82,-2.75371820117482,0.00725468214254385,0.21183671856228
"1305","C7","week52 - week24",-0.478222294372294,0.245508353840417,82,-1.94788603683581,0.0548502525674908,0.821359378462206
"1306","FLT3LG","week24 - week0",0.0397318181818187,0.139627706805367,82,0.284555401580881,0.776702165503292,0.97244903805597
"1307","FLT3LG","week52 - week0",0.0591268398268398,0.139627706805367,82,0.423460652471069,0.673067850955332,0.989292669723712
"1308","FLT3LG","week52 - week24",0.0193950216450211,0.139627706805367,82,0.138905250890188,0.889865597133882,0.970683670495244
"1309","PSTPIP2","week24 - week0",0.224483549783552,0.256551223333684,82,0.87500479189521,0.384127047178487,0.865582065676754
"1310","PSTPIP2","week52 - week0",0.359072943722945,0.256551223333684,82,1.39961501277238,0.165400451512641,0.792005903782368
"1311","PSTPIP2","week52 - week24",0.134589393939393,0.256551223333684,82,0.524610220877173,0.60126957392413,0.916473752585181
"1312","SLAMF7","week24 - week0",-0.433868614718616,0.189016669462523,82,-2.29539868601187,0.0242645890740668,0.621118835388796
"1313","SLAMF7","week52 - week0",-0.562748701298702,0.189016669462523,82,-2.97724376849355,0.00382281655397549,0.146876636021164
"1314","SLAMF7","week52 - week24",-0.128880086580086,0.189016669462523,82,-0.681845082481678,0.49725831032559,0.88134975239277
"1315","TRIM21","week24 - week0",-0.451030303030304,0.400632915333612,82,-1.12579442618868,0.263536732136043,0.853267848645464
"1316","TRIM21","week52 - week0",-0.0546958874458866,0.400632915333612,82,-0.136523698758852,0.891741921931567,0.989292669723712
"1317","TRIM21","week52 - week24",0.396334415584417,0.400632915333612,82,0.989270727429832,0.32544088287917,0.821359378462206
"1318","ACHE","week24 - week0",-0.330666883116884,0.248669724018386,82,-1.32974323441335,0.187290100547292,0.836903694877573
"1319","ACHE","week52 - week0",0.0203794372294382,0.248669724018386,82,0.0819538337844917,0.934883139254497,0.989292669723712
"1320","ACHE","week52 - week24",0.351046320346322,0.248669724018386,82,1.41169706819785,0.161822599887302,0.821359378462206
"1321","PTPN9","week24 - week0",-0.389258225108227,0.311920003769014,82,-1.24794248655012,0.215603963657015,0.839659788898411
"1322","PTPN9","week52 - week0",-0.0277147186147187,0.311920003769014,82,-0.0888520078219874,0.929416174590329,0.989292669723712
"1323","PTPN9","week52 - week24",0.361543506493509,0.311920003769014,82,1.15909047872814,0.249783552472103,0.821359378462206
"1324","SERPINA6","week24 - week0",0.045799783549783,0.270824357819209,82,0.169112497555914,0.866124632769163,0.976902147976808
"1325","SERPINA6","week52 - week0",-0.606837012987016,0.270824357819209,82,-2.24070322874028,0.0277494221768942,0.371569400662202
"1326","SERPINA6","week52 - week24",-0.652636796536799,0.270824357819209,82,-2.4098157262962,0.0181990365243451,0.821359378462206
"1327","F10","week24 - week0",-0.140932467532468,0.131397097511654,82,-1.07256910693912,0.286610937038431,0.853267848645464
"1328","F10","week52 - week0",-0.158836580086581,0.131397097511654,82,-1.20882868110913,0.230202836435435,0.860602741638164
"1329","F10","week52 - week24",-0.0179041125541127,0.131397097511654,82,-0.136259574170006,0.891950052820677,0.970683670495244
"1330","NHLRC3","week24 - week0",-0.202854112554113,0.118472491361153,82,-1.71224653270546,0.090630723063796,0.78762414091156
"1331","NHLRC3","week52 - week0",-0.102934415584417,0.118472491361153,82,-0.868846551649107,0.387467012644296,0.936009948666461
"1332","NHLRC3","week52 - week24",0.099919696969696,0.118472491361153,82,0.843399981056355,0.401458366089925,0.854415764564564
"1333","CD7","week24 - week0",-0.177059523809525,0.142009890764405,82,-1.2468112105182,0.21601643937634,0.839659788898411
"1334","CD7","week52 - week0",-0.10666774891775,0.142009890764405,82,-0.751129011814482,0.454725280641405,0.976321926083016
"1335","CD7","week52 - week24",0.0703917748917754,0.142009890764405,82,0.495682198703721,0.621444530862554,0.916473752585181
"1336","CD36","week24 - week0",-0.0891497835497841,0.139550476543882,82,-0.638835393168658,0.524710443909679,0.925765055919488
"1337","CD36","week52 - week0",0.000823160173159108,0.139550476543882,82,0.00589865540803271,0.99530790817713,0.998628989242067
"1338","CD36","week52 - week24",0.0899729437229432,0.139550476543882,82,0.64473404857669,0.520899221432841,0.898985066775436
"1339","BAG4","week24 - week0",-0.314304761904762,0.276603064539785,82,-1.13630252950272,0.259139960086758,0.853267848645464
"1340","BAG4","week52 - week0",0.0726021645021649,0.276603064539785,82,0.26247780234453,0.793611400282663,0.989292669723712
"1341","BAG4","week52 - week24",0.386906926406927,0.276603064539785,82,1.39878033184725,0.165649846473965,0.821359378462206
"1342","PTPRM","week24 - week0",0.0166337662337658,0.226502013685784,82,0.0734376086247124,0.941636735097542,0.994695336947633
"1343","PTPRM","week52 - week0",0.0579727272727269,0.226502013685784,82,0.255947955293457,0.798632004830174,0.989292669723712
"1344","PTPRM","week52 - week24",0.0413389610389611,0.226502013685784,82,0.182510346668744,0.855632702212077,0.970683670495244
"1345","DNAJA2","week24 - week0",-0.101312987012986,0.153316792389787,82,-0.660808156978735,0.510587628764603,0.920626399316496
"1346","DNAJA2","week52 - week0",0.0903030303030307,0.153316792389787,82,0.588996344728161,0.55748287157467,0.989292669723712
"1347","DNAJA2","week52 - week24",0.191616017316017,0.153316792389787,82,1.2498045017069,0.214926310929133,0.821359378462206
"1348","AGER","week24 - week0",-0.278705844155844,0.185556182958121,82,-1.50200246476695,0.136937747448065,0.836903694877573
"1349","AGER","week52 - week0",-0.136946103896104,0.185556182958121,82,-0.73803039981164,0.462602913180437,0.98742727082374
"1350","AGER","week52 - week24",0.141759740259741,0.185556182958121,82,0.763972064955309,0.44707661587765,0.870095040906987
"1351","HGF","week24 - week0",-0.194261255411255,0.21418455861743,82,-0.906980674354957,0.367074634580417,0.865582065676754
"1352","HGF","week52 - week0",0.106512987012987,0.21418455861743,82,0.497295359201113,0.620311621835684,0.989292669723712
"1353","HGF","week52 - week24",0.300774242424242,0.21418455861743,82,1.40427603355607,0.16401306863202,0.821359378462206
"1354","DAG1","week24 - week0",-0.0812534632034626,0.121997401079368,82,-0.666026181579074,0.507263761244664,0.920626399316496
"1355","DAG1","week52 - week0",0.0189865800865802,0.121997401079368,82,0.155631020977472,0.876706355241062,0.989292669723712
"1356","DAG1","week52 - week24",0.100240043290043,0.121997401079368,82,0.821657202556546,0.413654657685159,0.8578633525857
"1357","NEDD4L","week24 - week0",-0.0995590909090908,0.177965149185388,82,-0.559430266907926,0.577392969770511,0.939634152089483
"1358","NEDD4L","week52 - week0",0.0895240259740264,0.177965149185388,82,0.503042457378935,0.616282949695036,0.989292669723712
"1359","NEDD4L","week52 - week24",0.189083116883117,0.177965149185388,82,1.06247272428686,0.291140201557563,0.821359378462206
"1360","VASH1","week24 - week0",0.0633352813852808,0.100048518864983,82,0.633045667280217,0.528465378956827,0.925765055919488
"1361","VASH1","week52 - week0",0.123181601731601,0.100048518864983,82,1.23121864400448,0.221760712503036,0.856536085329186
"1362","VASH1","week52 - week24",0.0598463203463204,0.100048518864983,82,0.598172976724261,0.551373156421525,0.908811914527359
"1363","PRSS8","week24 - week0",-0.0250080086580099,0.131841237523318,82,-0.18968275122256,0.850026489586621,0.97244903805597
"1364","PRSS8","week52 - week0",-0.1545341991342,0.131841237523318,82,-1.17212339657286,0.244541720592139,0.86556206373234
"1365","PRSS8","week52 - week24",-0.129526190476191,0.131841237523318,82,-0.982440645350302,0.328772663302151,0.821359378462206
"1366","IL12RB2","week24 - week0",-0.0500071428571427,0.228862112774111,82,-0.218503369784497,0.827579828654257,0.97244903805597
"1367","IL12RB2","week52 - week0",-0.299141774891776,0.228862112774111,82,-1.3070829910018,0.19483805726301,0.825497707840298
"1368","IL12RB2","week52 - week24",-0.249134632034633,0.228862112774111,82,-1.0885796212173,0.279528378292084,0.821359378462206
"1369","IL4R","week24 - week0",-0.140289393939394,0.158193090345756,82,-0.886823777402476,0.377767381067979,0.865582065676754
"1370","IL4R","week52 - week0",-0.0779279220779222,0.158193090345756,82,-0.492612679274415,0.623602752430552,0.989292669723712
"1371","IL4R","week52 - week24",0.0623614718614719,0.158193090345756,82,0.394211098128061,0.694448537623044,0.940533269879076
"1372","IRAK1","week24 - week0",-0.303909956709958,0.283561401037929,82,-1.0717606684039,0.286971810234022,0.853267848645464
"1373","IRAK1","week52 - week0",0.00879155844155857,0.283561401037929,82,0.0310040732249824,0.975341630380001,0.991642604703901
"1374","IRAK1","week52 - week24",0.312701515151516,0.283561401037929,82,1.10276474162888,0.273355340570433,0.821359378462206
"1375","ITM2A","week24 - week0",-0.0742876623376632,0.179531059283454,82,-0.413787244581304,0.68011019055626,0.94553529381538
"1376","ITM2A","week52 - week0",-0.0278690476190475,0.179531059283454,82,-0.155232457995172,0.877019542238142,0.989292669723712
"1377","ITM2A","week52 - week24",0.0464186147186157,0.179531059283454,82,0.258554786586132,0.796626660176102,0.961218945336453
"1378","LYVE1","week24 - week0",-0.445473593073595,0.230277548499714,82,-1.93450727600632,0.056499419983769,0.728787311252389
"1379","LYVE1","week52 - week0",-0.744595454545456,0.230277548499714,82,-3.23346960829045,0.00176295755685834,0.0919256440361848
"1380","LYVE1","week52 - week24",-0.299121861471861,0.230277548499714,82,-1.29896233228413,0.197597590242945,0.821359378462206
"1381","FN1","week24 - week0",-0.200654545454546,0.168058555081474,82,-1.19395615032671,0.235937687566304,0.853267848645464
"1382","FN1","week52 - week0",-0.420408008658009,0.168058555081474,82,-2.50155672500098,0.0143540799621251,0.280800721681016
"1383","FN1","week52 - week24",-0.219753463203463,0.168058555081474,82,-1.30760057467427,0.194663154609519,0.821359378462206
"1384","PGA4","week24 - week0",0.333783333333333,0.339843469924866,82,0.982167859241572,0.328906197067416,0.863674546256164
"1385","PGA4","week52 - week0",0.0694318181818188,0.339843469924865,82,0.204305288541131,0.83862116882624,0.989292669723712
"1386","PGA4","week52 - week24",-0.264351515151514,0.339843469924866,82,-0.777862570700441,0.438888641792481,0.870095040906987
"1387","BANK1","week24 - week0",0.319187445887444,0.241985681465611,82,1.31903443193106,0.190829271380517,0.836903694877573
"1388","BANK1","week52 - week0",0.323164718614718,0.241985681465611,82,1.33547041567682,0.185417684886221,0.816048997141891
"1389","BANK1","week52 - week24",0.00397727272727416,0.241985681465611,82,0.0164359837457547,0.98692649801152,0.993928994766839
"1390","EDAR","week24 - week0",0.244224891774893,0.187656009760957,82,1.30144988207943,0.196749202701396,0.836903694877573
"1391","EDAR","week52 - week0",0.188543939393941,0.187656009760957,82,1.00473168769876,0.317981772027197,0.910336885873302
"1392","EDAR","week52 - week24",-0.0556809523809526,0.187656009760957,82,-0.29671819438067,0.767431938694937,0.954091476599915
"1393","BCHE","week24 - week0",-0.0192132034632042,0.138466498676918,82,-0.138757054210161,0.889982336852447,0.979310139866934
"1394","BCHE","week52 - week0",-0.0139655844155849,0.138466498676918,82,-0.100858940964274,0.919908638369374,0.989292669723712
"1395","BCHE","week52 - week24",0.00524761904761925,0.138466498676918,82,0.0378981132458867,0.96986103060986,0.98983350503297
"1396","PDGFB","week24 - week0",-0.227143722943723,0.114965268725405,82,-1.97575950947635,0.0515453362141687,0.728787311252389
"1397","PDGFB","week52 - week0",-0.186925541125542,0.114965268725405,82,-1.62593053709129,0.107801782063909,0.655794174222112
"1398","PDGFB","week52 - week24",0.0402181818181807,0.114965268725405,82,0.349828972385059,0.727363962738571,0.954091476599915
"1399","NXPH3","week24 - week0",0.134826839826839,0.200897495504827,82,0.6711225517672,0.504028593237521,0.920626399316496
"1400","NXPH3","week52 - week0",0.0236313852813847,0.200897495504827,82,0.117629068605372,0.90664922212197,0.989292669723712
"1401","NXPH3","week52 - week24",-0.111195454545454,0.200897495504827,82,-0.553493483161828,0.581431612168968,0.910484685798641
"1402","SMOC2","week24 - week0",-0.287796320346322,0.15266433696793,82,-1.88515750346316,0.0629505638696745,0.728787311252389
"1403","SMOC2","week52 - week0",-0.27208116883117,0.15266433696793,82,-1.78221825892661,0.0784152936250514,0.578213781275631
"1404","SMOC2","week52 - week24",0.0157151515151516,0.15266433696793,82,0.102939244536547,0.918262521832603,0.974319245549128
"1405","GMPR","week24 - week0",0.296785930735929,0.403301962824231,82,0.735890122273655,0.463897426449004,0.89117137186256
"1406","GMPR","week52 - week0",0.0919153679653676,0.403301962824231,82,0.227907068246595,0.820285821592529,0.989292669723712
"1407","GMPR","week52 - week24",-0.204870562770561,0.403301962824231,82,-0.50798305402706,0.612829006167664,0.916473752585181
"1408","PARP1","week24 - week0",-0.407185064935066,0.376279015098165,82,-1.08213599110447,0.282364139517759,0.853267848645464
"1409","PARP1","week52 - week0",-0.0602266233766236,0.376279015098164,82,-0.160058416653694,0.873228682970632,0.989292669723712
"1410","PARP1","week52 - week24",0.346958441558443,0.376279015098165,82,0.922077574450777,0.359193195103165,0.821359378462206
"1411","BTD","week24 - week0",-0.0135097402597404,0.235126598367397,82,-0.0574573032296023,0.954320699189122,0.994695336947633
"1412","BTD","week52 - week0",-0.318230086580087,0.235126598367397,82,-1.35344146000376,0.179633848535957,0.816048997141891
"1413","BTD","week52 - week24",-0.304720346320347,0.235126598367397,82,-1.29598415677416,0.198616889520081,0.821359378462206
"1414","FGF16","week24 - week0",0.994555844155842,0.627717420894702,82,1.58440057747366,0.116951888189127,0.817190982494432
"1415","FGF16","week52 - week0",0.670800649350648,0.627717420894701,82,1.06863475032211,0.288370105103807,0.902742473418827
"1416","FGF16","week52 - week24",-0.323755194805194,0.627717420894701,82,-0.515765827151551,0.607405856134068,0.916473752585181
"1417","CLEC4G","week24 - week0",-0.090341991341992,0.168111755052422,82,-0.537392470347008,0.592451911463172,0.939634152089483
"1418","CLEC4G","week52 - week0",-0.0588833333333351,0.168111755052422,82,-0.350263033747841,0.727039432445218,0.989292669723712
"1419","CLEC4G","week52 - week24",0.0314586580086568,0.168111755052422,82,0.187129436599167,0.85202138387372,0.970683670495244
"1420","UBXN1","week24 - week0",-0.520437229437231,0.371265070075067,82,-1.40179422031812,0.164750680822027,0.836903694877573
"1421","UBXN1","week52 - week0",-0.193799567099567,0.371265070075067,82,-0.521997846606961,0.603079085172788,0.989292669723712
"1422","UBXN1","week52 - week24",0.326637662337663,0.371265070075067,82,0.879796373711159,0.381540748313394,0.833906425954423
"1423","IL13","week24 - week0",-0.740886363636364,0.303254725652042,82,-2.44311564162224,0.0167083046603314,0.566092169081432
"1424","IL13","week52 - week0",-0.434515151515154,0.303254725652042,82,-1.43283884721296,0.155705449383003,0.768006608443188
"1425","IL13","week52 - week24",0.30637121212121,0.303254725652042,82,1.01027679440928,0.315334558251683,0.821359378462206
"1426","CSF1","week24 - week0",-0.220797186147187,0.120551540080387,82,-1.83155840232281,0.0706486639602115,0.728787311252389
"1427","CSF1","week52 - week0",-0.135466017316018,0.120551540080387,82,-1.12371867854767,0.264411424948372,0.86556206373234
"1428","CSF1","week52 - week24",0.0853311688311688,0.120551540080387,82,0.707839723775142,0.4810519183736,0.877166347541417
"1429","DNAJB6","week24 - week0",-0.259286796536795,0.262026008731068,82,-0.989546029390218,0.325307058427183,0.863674546256164
"1430","DNAJB6","week52 - week0",0.0514140692640704,0.262026008731068,82,0.196217427090757,0.844925455122878,0.989292669723712
"1431","DNAJB6","week52 - week24",0.310700865800866,0.262026008731068,82,1.18576345648097,0.239140416487626,0.821359378462206
"1432","NAGPA","week24 - week0",-0.13682012987013,0.0924283933601131,82,-1.48028246403744,0.142629927373127,0.836903694877573
"1433","NAGPA","week52 - week0",-0.0317119047619054,0.092428393360113,82,-0.343097003085964,0.732403529795812,0.989292669723712
"1434","NAGPA","week52 - week24",0.105108225108224,0.092428393360113,82,1.13718546095148,0.25877289684845,0.821359378462206
"1435","MKI67","week24 - week0",0.080897186147187,0.371316032234756,82,0.217866127838083,0.828074663349514,0.97244903805597
"1436","MKI67","week52 - week0",0.129071212121211,0.371316032234756,82,0.347604738056689,0.729027714044913,0.989292669723712
"1437","MKI67","week52 - week24",0.0481740259740244,0.371316032234756,82,0.129738610218606,0.897090957751179,0.970683670495244
"1438","RNASE1","week24 - week0",-0.176593290043291,0.133721090649985,82,-1.32060910649857,0.190305732703449,0.836903694877573
"1439","RNASE1","week52 - week0",-0.254060606060607,0.133721090649985,82,-1.89992920956359,0.0609575086243606,0.532731223328339
"1440","RNASE1","week52 - week24",-0.0774673160173159,0.133721090649985,82,-0.579320103065017,0.56396136613821,0.908811914527359
"1441","PALLD","week24 - week0",-0.0589876623376637,0.285674525077266,82,-0.206485553171776,0.836923492206711,0.97244903805597
"1442","PALLD","week52 - week0",-0.275565800865802,0.285674525077266,82,-0.9646145409405,0.337574120152195,0.916071137979956
"1443","PALLD","week52 - week24",-0.216578138528139,0.285674525077266,82,-0.758128987768724,0.450547178399679,0.870095040906987
"1444","ANGPTL2","week24 - week0",0.0293619047619057,0.198805935945525,82,0.147691288100931,0.882948961772756,0.977262642045504
"1445","ANGPTL2","week52 - week0",-0.17493354978355,0.198805935945525,82,-0.879921160057734,0.381473539477903,0.931734332087105
"1446","ANGPTL2","week52 - week24",-0.204295454545456,0.198805935945525,82,-1.02761244815866,0.30715392230687,0.821359378462206
"1447","AMBN","week24 - week0",-0.0510380952380939,0.132850947058869,82,-0.384175622138982,0.701842724652443,0.948787387030154
"1448","AMBN","week52 - week0",-0.0418699134199135,0.132850947058869,82,-0.315164583669547,0.753437334197036,0.989292669723712
"1449","AMBN","week52 - week24",0.00916818181818042,0.132850947058869,82,0.0690110384694346,0.945148844647168,0.98284708916301
"1450","DGKZ","week24 - week0",0.0134012987012975,0.235173153340415,82,0.0569848152773585,0.954695920166373,0.994695336947633
"1451","DGKZ","week52 - week0",0.212490909090909,0.235173153340415,82,0.90355087760943,0.368880373009948,0.925370007894372
"1452","DGKZ","week52 - week24",0.199089610389612,0.235173153340415,82,0.846566062332071,0.399700910992745,0.854415764564564
"1453","LGMN","week24 - week0",-0.142771212121213,0.159730081350277,82,-0.893827955976091,0.374029871073619,0.865582065676754
"1454","LGMN","week52 - week0",-0.0957829004329011,0.159730081350277,82,-0.599654740191711,0.550389764357042,0.989292669723712
"1455","LGMN","week52 - week24",0.0469883116883116,0.159730081350277,82,0.29417321578438,0.769368916842553,0.954091476599915
"1456","LY75","week24 - week0",0.0864703463203448,0.215148498418903,82,0.401910061914462,0.688795863676398,0.946932166636102
"1457","LY75","week52 - week0",0.105302597402596,0.215148498418903,82,0.489441470316782,0.625835934705382,0.989292669723712
"1458","LY75","week52 - week24",0.0188322510822509,0.215148498418903,82,0.08753140840232,0.930462526226411,0.975341137715443
"1459","NPHS2","week24 - week0",-0.35041233766233,0.261518609064532,82,-1.33991358747195,0.183974795053826,0.836903694877573
"1460","NPHS2","week52 - week0",-0.265049999999998,0.261518609064532,82,-1.01350340210243,0.313800992202335,0.910336885873302
"1461","NPHS2","week52 - week24",0.085362337662332,0.261518609064532,82,0.326410185369517,0.744945668413315,0.954091476599915
"1462","ASGR2","week24 - week0",-0.135009523809526,0.202733952487857,82,-0.665944318417074,0.507315818349019,0.920626399316496
"1463","ASGR2","week52 - week0",-0.228342640692643,0.202733952487857,82,-1.1263167214496,0.263316964268324,0.86556206373234
"1464","ASGR2","week52 - week24",-0.093333116883117,0.202733952487857,82,-0.460372403032527,0.646467464546374,0.920041313064554
"1465","PRDX5","week24 - week0",0.0982387445887452,0.181017328968227,82,0.542703536444231,0.588805989449598,0.939634152089483
"1466","PRDX5","week52 - week0",0.229924242424243,0.181017328968226,82,1.27017807485493,0.20761356636382,0.834043212901948
"1467","PRDX5","week52 - week24",0.131685497835498,0.181017328968227,82,0.727474538410695,0.469007330122147,0.874190353994038
"1468","HSD11B1","week24 - week0",-0.0307844155844154,0.163986253151269,82,-0.187725586705236,0.851555527447419,0.97244903805597
"1469","HSD11B1","week52 - week0",-0.151808874458874,0.163986253151269,82,-0.92574146638278,0.357296885682789,0.925370007894372
"1470","HSD11B1","week52 - week24",-0.121024458874459,0.163986253151269,82,-0.738015879677544,0.462611688536913,0.871814173742481
"1471","NAGA","week24 - week0",-0.0539593073593074,0.184823649450425,82,-0.291950232125358,0.771062025881271,0.97244903805597
"1472","NAGA","week52 - week0",0.0333722943722941,0.184823649450425,82,0.18056290129281,0.857156190858868,0.989292669723712
"1473","NAGA","week52 - week24",0.0873316017316015,0.184823649450425,82,0.472513133418169,0.637815764517094,0.920041313064554
"1474","MFAP4","week24 - week0",-0.290881601731603,0.223106844934414,82,-1.30377712892275,0.195957949341136,0.836903694877573
"1475","MFAP4","week52 - week0",-0.190158225108224,0.223106844934414,82,-0.852319099237518,0.396519551232943,0.936009948666461
"1476","MFAP4","week52 - week24",0.100723376623379,0.223106844934414,82,0.45145802968523,0.652851233106081,0.920041313064554
"1477","GZMB","week24 - week0",-0.240522510822512,0.36389051799171,82,-0.660974933202275,0.510481213671177,0.920626399316496
"1478","GZMB","week52 - week0",0.0434517316017328,0.36389051799171,82,0.119408804168738,0.905243549120078,0.989292669723712
"1479","GZMB","week52 - week24",0.283974242424245,0.36389051799171,82,0.780383737371013,0.437411963308451,0.870056493774302
"1480","CD48","week24 - week0",-0.365134848484849,0.106338477064063,82,-3.43370394767716,0.000936103722810409,0.0669964480625874
"1481","CD48","week52 - week0",-0.404790909090909,0.106338477064063,82,-3.80662691686892,0.000270640090234968,0.0219519184301696
"1482","CD48","week52 - week24",-0.0396560606060603,0.106338477064063,82,-0.372922969191762,0.710168024505633,0.947756230144629
"1483","DCTD","week24 - week0",-6.25541125521406e-05,0.268183609581645,82,-0.000233251065006256,0.999814459100745,0.999814459100745
"1484","DCTD","week52 - week0",0.115747186147188,0.268183609581645,82,0.431596794180482,0.667167146262817,0.989292669723712
"1485","DCTD","week52 - week24",0.11580974025974,0.268183609581645,82,0.431830045245488,0.666998288334876,0.924543568839989
"1486","FCAR","week24 - week0",-0.232115584415584,0.284461449238396,82,-0.8159825700004,0.416874150469922,0.87154806974561
"1487","FCAR","week52 - week0",0.0384441558441556,0.284461449238396,82,0.135147155957632,0.892826724400893,0.989292669723712
"1488","FCAR","week52 - week24",0.27055974025974,0.284461449238396,82,0.951129725958032,0.344333615662582,0.821359378462206
"1489","EIF4E","week24 - week0",0.249564935064936,0.48654927023671,82,0.512928392521317,0.609380495844069,0.939634152089483
"1490","EIF4E","week52 - week0",0.337245670995671,0.48654927023671,82,0.693137759371416,0.490181705905165,0.989292669723712
"1491","EIF4E","week52 - week24",0.0876807359307353,0.48654927023671,82,0.180209366850099,0.85743281954667,0.970683670495244
"1492","AXIN1","week24 - week0",-0.0361346320346318,0.154839544648476,82,-0.233368240113766,0.816057057974299,0.97244903805597
"1493","AXIN1","week52 - week0",0.210427922077923,0.154839544648476,82,1.35900633494916,0.177870816192496,0.816048997141891
"1494","AXIN1","week52 - week24",0.246562554112554,0.154839544648476,82,1.59237457506292,0.115148390604477,0.821359378462206
"1495","APOA2","week24 - week0",0.527601298701299,0.508776273511333,82,1.03700059568432,0.302783951169454,0.853267848645464
"1496","APOA2","week52 - week0",-0.327920346320348,0.508776273511333,82,-0.644527591778597,0.521032371116009,0.989292669723712
"1497","APOA2","week52 - week24",-0.855521645021647,0.508776273511333,82,-1.68152818746291,0.0964654294020957,0.821359378462206
"1498","LAT","week24 - week0",-0.0823824675324683,0.127078103457804,82,-0.64828216105557,0.518613737645886,0.921031596506803
"1499","LAT","week52 - week0",0.104420995670996,0.127078103457804,82,0.82170722437378,0.413626344699174,0.936315691338011
"1500","LAT","week52 - week24",0.186803463203464,0.127078103457804,82,1.46998938542935,0.145391262271092,0.821359378462206
"1501","CD300A","week24 - week0",-0.291064285714286,0.126473134792671,82,-2.30139219836237,0.0239072570779147,0.621118835388796
"1502","CD300A","week52 - week0",-0.170446753246754,0.126473134792671,82,-1.34769137751009,0.181469419956103,0.816048997141891
"1503","CD300A","week52 - week24",0.120617532467532,0.126473134792671,82,0.953700820852283,0.343038067510438,0.821359378462206
"1504","ESM1","week24 - week0",-0.270953246753248,0.195670447300881,82,-1.38474281881006,0.169887412886205,0.836903694877573
"1505","ESM1","week52 - week0",-0.202219480519481,0.195670447300881,82,-1.03346971046951,0.304422533947902,0.902742473418827
"1506","ESM1","week52 - week24",0.0687337662337662,0.195670447300881,82,0.351273108340551,0.726284433250189,0.954091476599915
"1507","PTH1R","week24 - week0",-0.115599350649351,0.189991729666555,82,-0.60844411939527,0.544574717012283,0.939284725775812
"1508","PTH1R","week52 - week0",-0.0551006493506506,0.189991729666555,82,-0.290016041473779,0.772536083669007,0.989292669723712
"1509","PTH1R","week52 - week24",0.0604987012987006,0.189991729666555,82,0.318428077921491,0.750969854740468,0.954091476599915
"1510","UNC5D","week24 - week0",0.254364502164503,0.193279526560639,82,1.31604472905566,0.191826240121888,0.836903694877573
"1511","UNC5D","week52 - week0",0.13931883116883,0.193279526560639,82,0.720815254714113,0.473073191419532,0.989292669723712
"1512","UNC5D","week52 - week24",-0.115045670995672,0.193279526560639,82,-0.595229474341548,0.553329256495014,0.908811914527359
"1513","CD72","week24 - week0",-0.938682251082253,0.188729555890851,82,-4.97368971516642,3.5547267054058e-06,0.000648737623736559
"1514","CD72","week52 - week0",-0.929960389610391,0.188729555890851,82,-4.92747617203221,4.26726869595703e-06,0.000778776537012158
"1515","CD72","week52 - week24",0.00872186147186216,0.188729555890851,82,0.04621354313421,0.963252411506208,0.989399429132844
"1516","TNFSF9","week24 - week0",0.131059307359305,0.261811633618212,82,0.500586263291965,0.618003292843078,0.942097289232824
"1517","TNFSF9","week52 - week0",0.304309740259739,0.261811633618211,82,1.16232321709394,0.248475950127354,0.86556206373234
"1518","TNFSF9","week52 - week24",0.173250432900434,0.261811633618211,82,0.661736953801974,0.509995140610935,0.891182537037634
"1519","ERBB3","week24 - week0",0.0657069264069263,0.15849908524734,82,0.414557133275499,0.679548651524772,0.94553529381538
"1520","ERBB3","week52 - week0",0.130258008658008,0.15849908524734,82,0.821821832313658,0.413561479549622,0.936315691338011
"1521","ERBB3","week52 - week24",0.0645510822510814,0.15849908524734,82,0.407264699038159,0.684874808224936,0.936252078659557
"1522","QSOX1","week24 - week0",-0.0141870129870128,0.322529278459361,82,-0.0439867445671305,0.965021908401581,0.995622722354238
"1523","QSOX1","week52 - week0",-0.153869480519481,0.32252927845936,82,-0.477071356915179,0.634580339263795,0.989292669723712
"1524","QSOX1","week52 - week24",-0.139682467532468,0.322529278459361,82,-0.433084612348048,0.666090361786141,0.924543568839989
"1525","IL18","week24 - week0",-0.242398917748918,0.243143477269944,82,-0.99693777711257,0.321727557027551,0.863674546256164
"1526","IL18","week52 - week0",0.0840809523809527,0.243143477269944,82,0.345807970359838,0.730372665728475,0.989292669723712
"1527","IL18","week52 - week24",0.326479870129871,0.243143477269944,82,1.34274574747241,0.183059499066803,0.821359378462206
"1528","A1BG","week24 - week0",-0.027441125541127,0.244445951985004,82,-0.112258457619337,0.910892832305788,0.98726931229402
"1529","A1BG","week52 - week0",-0.493921645021647,0.244445951985004,82,-2.020576086496,0.0465876106209757,0.459580483152869
"1530","A1BG","week52 - week24",-0.46648051948052,0.244445951985004,82,-1.90831762887666,0.0598495958045184,0.821359378462206
"1531","PRSS22","week24 - week0",-0.0361164502164491,0.171612182069345,82,-0.210453883756662,0.833835516317487,0.97244903805597
"1532","PRSS22","week52 - week0",-0.0581753246753238,0.171612182069345,82,-0.338992978084833,0.73548160407227,0.989292669723712
"1533","PRSS22","week52 - week24",-0.0220588744588747,0.171612182069345,82,-0.128539094328171,0.898037100978835,0.970683670495244
"1534","CD84","week24 - week0",-0.00400367965367951,0.110273473562235,82,-0.0363068245185906,0.971125948687623,0.995622722354238
"1535","CD84","week52 - week0",0.0279199134199133,0.110273473562235,82,0.253187938295569,0.800756664986753,0.989292669723712
"1536","CD84","week52 - week24",0.0319235930735928,0.110273473562235,82,0.28949476281416,0.772933496408755,0.954091476599915
"1537","TSPYL1","week24 - week0",-0.413832683982685,0.279859171559018,82,-1.47871760527746,0.143047071451654,0.836903694877573
"1538","TSPYL1","week52 - week0",-0.153864718614718,0.279859171559018,82,-0.549793375566648,0.583955487950683,0.989292669723712
"1539","TSPYL1","week52 - week24",0.259967965367967,0.279859171559018,82,0.928924229710814,0.355654813018505,0.821359378462206
"1540","KLKB1","week24 - week0",-0.0850049783549795,0.245444435336584,82,-0.346330843632329,0.729981187073547,0.962012827338402
"1541","KLKB1","week52 - week0",-0.490857142857144,0.245444435336583,82,-1.9998707332029,0.0488248897795395,0.468975914987682
"1542","KLKB1","week52 - week24",-0.405852164502165,0.245444435336583,82,-1.65353988957057,0.102044645775391,0.821359378462206
"1543","CCL4","week24 - week0",-1.20248722943723,0.671147697992751,82,-1.79168792954754,0.076872086255389,0.728787311252389
"1544","CCL4","week52 - week0",-0.481463636363634,0.671147697992751,82,-0.717373594223122,0.475182233894037,0.989292669723712
"1545","CCL4","week52 - week24",0.721023593073593,0.671147697992751,82,1.07431433532441,0.285832961249969,0.821359378462206
"1546","APOC1","week24 - week0",0.1322170995671,0.193119110193288,82,0.684640165516332,0.495501614216383,0.920626399316496
"1547","APOC1","week52 - week0",-0.199166017316018,0.193119110193288,82,-1.03131180087086,0.305426904654449,0.902742473418827
"1548","APOC1","week52 - week24",-0.331383116883118,0.193119110193288,82,-1.71595196638719,0.0899468630097622,0.821359378462206
"1549","STX7","week24 - week0",-0.0238549783549775,0.104924700538314,82,-0.227353313686769,0.820714911326734,0.97244903805597
"1550","STX7","week52 - week0",0.0250406926406935,0.104924700538314,82,0.238653934795361,0.811969359058554,0.989292669723712
"1551","STX7","week52 - week24",0.048895670995671,0.104924700538314,82,0.46600724848213,0.642445824409137,0.920041313064554
"1552","CHAD","week24 - week0",-0.31357186147186,0.324674439856969,82,-0.965803965381447,0.336982095710673,0.865582065676754
"1553","CHAD","week52 - week0",-0.319670346320346,0.324674439856969,82,-0.984587349904024,0.327723061654473,0.916071137979956
"1554","CHAD","week52 - week24",-0.00609848484848571,0.324674439856969,82,-0.0187833845225769,0.985059538024436,0.993928994766839
"1555","IL36A","week24 - week0",0.735443939393942,0.652567679963771,82,1.12700025142951,0.263029547764397,0.853267848645464
"1556","IL36A","week52 - week0",1.32725194805195,0.652567679963771,82,2.03389163883451,0.0451957262349626,0.455960757688698
"1557","IL36A","week52 - week24",0.591808008658008,0.652567679963771,82,0.906891387405002,0.367121571630162,0.821359378462206
"1558","RAB37","week24 - week0",-0.104443939393939,0.220847909161774,82,-0.472922473164246,0.637524926750791,0.94553529381538
"1559","RAB37","week52 - week0",0.088545454545455,0.220847909161774,82,0.400934085731346,0.689511466801047,0.989292669723712
"1560","RAB37","week52 - week24",0.192989393939394,0.220847909161774,82,0.873856558895592,0.384748435165852,0.836730856509649
"1561","SHMT1","week24 - week0",-0.0949967532467539,0.323040392712875,82,-0.294070820212224,0.769446880682112,0.97244903805597
"1562","SHMT1","week52 - week0",0.0985909090909077,0.323040392712875,82,0.305196846322984,0.760989584956733,0.989292669723712
"1563","SHMT1","week52 - week24",0.193587662337662,0.323040392712875,82,0.599267666535208,0.55064656606872,0.908811914527359
"1564","NFATC1","week24 - week0",0.0103352813852811,0.181640851963479,82,0.0568995425509185,0.954763639631866,0.994695336947633
"1565","NFATC1","week52 - week0",0.181828354978356,0.181640851963479,82,1.0010322733727,0.319756082676987,0.910336885873302
"1566","NFATC1","week52 - week24",0.171493073593075,0.181640851963479,82,0.944132730821783,0.347875408310397,0.821359378462206
"1567","SKAP2","week24 - week0",0.00629545454545659,0.229342600180177,82,0.027450000743476,0.978167514328542,0.995622722354238
"1568","SKAP2","week52 - week0",0.124791991341993,0.229342600180177,82,0.544129137996835,0.587829146185378,0.989292669723712
"1569","SKAP2","week52 - week24",0.118496536796536,0.229342600180177,82,0.516679137253359,0.606770880689618,0.916473752585181
"1570","IL10RB","week24 - week0",-0.103100649350651,0.134252756762291,82,-0.767959272025987,0.444717283396507,0.872697894837231
"1571","IL10RB","week52 - week0",-0.128434632034633,0.134252756762291,82,-0.95666290310925,0.34154944248417,0.916071137979956
"1572","IL10RB","week52 - week24",-0.0253339826839823,0.134252756762291,82,-0.188703631083262,0.850791357318371,0.970683670495244
"1573","CCNE1","week24 - week0",0.036227056277056,0.179924044884514,82,0.201346386472741,0.840926358781164,0.97244903805597
"1574","CCNE1","week52 - week0",0.0425313852813858,0.179924044884514,82,0.236385221934539,0.813723238980586,0.989292669723712
"1575","CCNE1","week52 - week24",0.00630432900432971,0.179924044884514,82,0.0350388354617984,0.97213392842792,0.98983350503297
"1576","DNAJB2","week24 - week0",-0.397035497835498,0.302966926372193,82,-1.31049122288597,0.193688498906172,0.836903694877573
"1577","DNAJB2","week52 - week0",-0.0808127705627703,0.302966926372193,82,-0.266737929220341,0.790340590154354,0.989292669723712
"1578","DNAJB2","week52 - week24",0.316222727272728,0.302966926372193,82,1.04375329366563,0.299666879024079,0.821359378462206
"1579","CLEC3B","week24 - week0",-0.146478787878789,0.231409071367683,82,-0.632986369173275,0.52850390880559,0.925765055919488
"1580","CLEC3B","week52 - week0",-0.622834415584416,0.231409071367683,82,-2.69148660380216,0.00862006776893321,0.224737481118616
"1581","CLEC3B","week52 - week24",-0.476355627705627,0.231409071367683,82,-2.05850023462888,0.0427171930723171,0.821359378462206
"1582","MPIG6B","week24 - week0",-0.0158311688311681,0.10398631320969,82,-0.152242812948318,0.879369398632668,0.977262642045504
"1583","MPIG6B","week52 - week0",0.024232034632035,0.10398631320969,82,0.233031000754596,0.816318036825385,0.989292669723712
"1584","MPIG6B","week52 - week24",0.040063203463203,0.10398631320969,82,0.385273813702914,0.70103215406802,0.944293783588874
"1585","IL5","week24 - week0",-0.374518398268395,0.904489461060712,82,-0.414066071957532,0.679906799419931,0.94553529381538
"1586","IL5","week52 - week0",-1.07210108225108,0.904489461060712,82,-1.18531075087797,0.239318296647325,0.860602741638164
"1587","IL5","week52 - week24",-0.697582683982685,0.904489461060712,82,-0.771244678920434,0.442778670821208,0.870095040906987
"1588","SPART","week24 - week0",-0.285725108225107,0.252510634977695,82,-1.13153692813907,0.261127516504792,0.853267848645464
"1589","SPART","week52 - week0",0.0426071428571441,0.252510634977695,82,0.168734052967345,0.86642135325859,0.989292669723712
"1590","SPART","week52 - week24",0.328332251082251,0.252510634977695,82,1.30027098110641,0.197150931757992,0.821359378462206
"1591","LTBR","week24 - week0",-0.22878051948052,0.108689345473468,82,-2.10490290914824,0.0383608989202221,0.664532756054073
"1592","LTBR","week52 - week0",-0.192545238095239,0.108689345473468,82,-1.77151897691979,0.0801896863510616,0.584636734406757
"1593","LTBR","week52 - week24",0.0362352813852818,0.108689345473468,82,0.333383932228456,0.739695460655083,0.954091476599915
"1594","UBE2Z","week24 - week0",-0.428460173160173,0.256979543903314,82,-1.66729291620728,0.0992712466441436,0.791659460123049
"1595","UBE2Z","week52 - week0",-0.0872432900432905,0.256979543903314,82,-0.339495076993813,0.735104789620424,0.989292669723712
"1596","UBE2Z","week52 - week24",0.341216883116883,0.256979543903314,82,1.32779783921347,0.187929342681572,0.821359378462206
"1597","NECTIN1","week24 - week0",-0.368354329004329,0.219355937634822,82,-1.67925396948934,0.096909299437076,0.791659460123049
"1598","NECTIN1","week52 - week0",-0.628484199134201,0.219355937634822,82,-2.86513420111055,0.00529322606816196,0.184002620464678
"1599","NECTIN1","week52 - week24",-0.260129870129872,0.219355937634822,82,-1.18588023162122,0.239094547819696,0.821359378462206
"1600","NRGN","week24 - week0",0.0699517316017306,0.100822365050937,82,0.69381165147624,0.489761159461517,0.919089065313387
"1601","NRGN","week52 - week0",0.0749380952380945,0.100822365050937,82,0.743268571415032,0.45944335962822,0.983559098324341
"1602","NRGN","week52 - week24",0.00498636363636383,0.100822365050937,82,0.049456919938792,0.960675435890088,0.989129856417157
"1603","PON1","week24 - week0",0.0335075757575763,0.131520502243467,82,0.254770740576613,0.799538039625117,0.97244903805597
"1604","PON1","week52 - week0",0.0513967532467518,0.131520502243467,82,0.390788906444469,0.696966742688731,0.989292669723712
"1605","PON1","week52 - week24",0.0178891774891755,0.131520502243467,82,0.136018165867855,0.892140289845309,0.970683670495244
"1606","CD244","week24 - week0",-0.161418614718615,0.107663733656806,82,-1.49928494244089,0.137640010378072,0.836903694877573
"1607","CD244","week52 - week0",-0.027,0.107663733656806,82,-0.250780825473381,0.802610886510253,0.989292669723712
"1608","CD244","week52 - week24",0.134418614718615,0.107663733656806,82,1.24850411696751,0.215399401748281,0.821359378462206
"1609","BMP10","week24 - week0",-0.0362186147186148,0.113469673042637,82,-0.31919202503567,0.750392619049895,0.968106129922017
"1610","BMP10","week52 - week0",-0.0562837662337668,0.113469673042637,82,-0.496024750266247,0.621203883227403,0.989292669723712
"1611","BMP10","week52 - week24",-0.0200651515151521,0.113469673042637,82,-0.176832725230577,0.860075820544728,0.970683670495244
"1612","GLRX5","week24 - week0",-0.372320562770563,0.388806650376563,82,-0.957598236578432,0.341080256920302,0.865582065676754
"1613","GLRX5","week52 - week0",-0.0924255411255403,0.388806650376563,82,-0.237715947080703,0.812694375785658,0.989292669723712
"1614","GLRX5","week52 - week24",0.279895021645023,0.388806650376563,82,0.719882289497729,0.473644391792782,0.875137390171793
"1615","MMP10","week24 - week0",-0.0558854978354974,0.190947427786024,82,-0.292674787419094,0.770510054500368,0.97244903805597
"1616","MMP10","week52 - week0",-0.236659956709956,0.190947427786024,82,-1.23939850593409,0.218733517458119,0.84933759438525
"1617","MMP10","week52 - week24",-0.180774458874459,0.190947427786024,82,-0.946723718514997,0.346561141012013,0.821359378462206
"1618","LSP1","week24 - week0",0.0152766233766239,0.165344238579422,82,0.0923928375604445,0.926611284294742,0.988452822005272
"1619","LSP1","week52 - week0",0.12954632034632,0.165344238579422,82,0.783494613778718,0.435593904053654,0.954905555432934
"1620","LSP1","week52 - week24",0.114269696969696,0.165344238579422,82,0.691101776218273,0.491453474170465,0.877166347541417
"1621","PNLIPRP2","week24 - week0",-0.263823160173157,0.288938075428619,82,-0.913078554225831,0.363878070466934,0.865582065676754
"1622","PNLIPRP2","week52 - week0",-0.0800385281385292,0.288938075428618,82,-0.277009279652043,0.78247008014817,0.989292669723712
"1623","PNLIPRP2","week52 - week24",0.183784632034628,0.288938075428619,82,0.636069274573788,0.526502676814384,0.903531619100668
"1624","ESR1","week24 - week0",0.136654112554114,0.674361451932302,82,0.202642236092452,0.839916629834058,0.97244903805597
"1625","ESR1","week52 - week0",-0.37095064935065,0.674361451932302,82,-0.550076888718558,0.583761917484806,0.989292669723712
"1626","ESR1","week52 - week24",-0.507604761904764,0.674361451932302,82,-0.75271912481101,0.453774237123933,0.870095040906987
"1627","TNFRSF11A","week24 - week0",0.00670173160173046,0.133734903760304,82,0.0501120606011885,0.960154953764227,0.994695336947633
"1628","TNFRSF11A","week52 - week0",0.0247692640692627,0.133734903760304,82,0.185211664066826,0.853520366752046,0.989292669723712
"1629","TNFRSF11A","week52 - week24",0.0180675324675322,0.133734903760304,82,0.135099603465637,0.892864202422524,0.970683670495244
"1630","SCGN","week24 - week0",0.113976406926407,0.204688745689588,82,0.556827912264672,0.57916162877313,0.939634152089483
"1631","SCGN","week52 - week0",0.011527489177489,0.204688745689588,82,0.0563171616429295,0.955226147182334,0.989292669723712
"1632","SCGN","week52 - week24",-0.102448917748918,0.204688745689588,82,-0.500510750621742,0.618056216560771,0.916473752585181
"1633","SCGB3A2","week24 - week0",-0.202805411255414,0.227505441853666,82,-0.89143103392604,0.375306266141269,0.865582065676754
"1634","SCGB3A2","week52 - week0",-0.160969913419914,0.227505441853666,82,-0.707543134389953,0.48123516118019,0.989292669723712
"1635","SCGB3A2","week52 - week24",0.0418354978355002,0.227505441853666,82,0.183887899536087,0.854555371546642,0.970683670495244
"1636","PER3","week24 - week0",0.16156904761904,0.673654459892587,82,0.239839646641399,0.811053099167939,0.97244903805597
"1637","PER3","week52 - week0",-0.0900800865800902,0.673654459892586,82,-0.13371853367445,0.893952784740763,0.989292669723712
"1638","PER3","week52 - week24",-0.25164913419913,0.673654459892586,82,-0.373558180315849,0.70969711145744,0.947756230144629
"1639","VNN1","week24 - week0",0.00375324675324532,0.144827674318389,82,0.025915259434424,0.979387893199675,0.995622722354238
"1640","VNN1","week52 - week0",-0.13789155844156,0.144827674318389,82,-0.952107800463738,0.343840399734942,0.916071137979956
"1641","VNN1","week52 - week24",-0.141644805194805,0.144827674318389,82,-0.978023059898162,0.330939555797243,0.821359378462206
"1642","ANXA1","week24 - week0",-0.364883549783548,0.336180625859812,82,-1.08537947078397,0.280934250961536,0.853267848645464
"1643","ANXA1","week52 - week0",0.0961573593073597,0.336180625859811,82,0.28602885446307,0.775577375060906,0.989292669723712
"1644","ANXA1","week52 - week24",0.461040909090907,0.336180625859812,82,1.37140832524704,0.173988924896182,0.821359378462206
"1645","IL17D","week24 - week0",-0.0924158008658014,0.176308669084186,82,-0.524170486600824,0.601573989572892,0.939634152089483
"1646","IL17D","week52 - week0",-0.112714285714287,0.176308669084186,82,-0.639300871022211,0.524409162979602,0.989292669723712
"1647","IL17D","week52 - week24",-0.0202984848484853,0.176308669084186,82,-0.115130384421386,0.908623237652648,0.970683670495244
"1648","PI16","week24 - week0",-0.0919610389610397,0.221614608937748,82,-0.414959281799296,0.679255405627068,0.94553529381538
"1649","PI16","week52 - week0",-0.266518398268399,0.221614608937748,82,-1.20262107063197,0.232584101778975,0.860602741638164
"1650","PI16","week52 - week24",-0.174557359307359,0.221614608937748,82,-0.78766178883267,0.433165491167464,0.864056586634932
"1651","NPHS1","week24 - week0",-0.148643939393938,0.162976985925671,82,-0.912054782150227,0.364413499336061,0.865582065676754
"1652","NPHS1","week52 - week0",0.0878132034632043,0.162976985925671,82,0.538807384149646,0.591479576292703,0.989292669723712
"1653","NPHS1","week52 - week24",0.236457142857143,0.162976985925671,82,1.45086216629987,0.150633047734586,0.821359378462206
"1654","ITGB6","week24 - week0",0.00701601731601672,0.141698874650026,82,0.049513571179342,0.960630428148057,0.994695336947633
"1655","ITGB6","week52 - week0",0.0275209956709951,0.141698874650026,82,0.194221695401376,0.846482651929226,0.989292669723712
"1656","ITGB6","week52 - week24",0.0205049783549783,0.141698874650026,82,0.144708124222034,0.885296407748463,0.970683670495244
"1657","TRIM5","week24 - week0",0.0115928571428578,0.29207821647835,82,0.0396909337595778,0.968436007237383,0.995622722354238
"1658","TRIM5","week52 - week0",-0.143127922077922,0.29207821647835,82,-0.490032854225304,0.625419212925857,0.989292669723712
"1659","TRIM5","week52 - week24",-0.15472077922078,0.29207821647835,82,-0.529723787984882,0.597734807892875,0.916473752585181
"1660","BTN2A1","week24 - week0",-0.328831601731604,0.152607013046914,82,-2.15476074897367,0.0341140453924466,0.664532756054073
"1661","BTN2A1","week52 - week0",-0.175251082251083,0.152607013046914,82,-1.14838157665276,0.254150116682263,0.86556206373234
"1662","BTN2A1","week52 - week24",0.15358051948052,0.152607013046914,82,1.00637917232091,0.317193724872479,0.821359378462206
"1663","TPSAB1","week24 - week0",0.221530519480519,0.228302690514919,82,0.970336875929383,0.334732120013099,0.865582065676754
"1664","TPSAB1","week52 - week0",0.247823376623377,0.228302690514919,82,1.08550353070492,0.280879658706108,0.887628358681639
"1665","TPSAB1","week52 - week24",0.0262928571428581,0.228302690514919,82,0.115166654775538,0.90859457913317,0.970683670495244
"1666","MMP1","week24 - week0",-0.093743722943724,0.0854637906817712,82,-1.09688234275476,0.275903610515635,0.853267848645464
"1667","MMP1","week52 - week0",-0.106268181818183,0.0854637906817712,82,-1.24342930462654,0.217252969484421,0.848099827399075
"1668","MMP1","week52 - week24",-0.012524458874459,0.0854637906817712,82,-0.146546961871776,0.883849307324652,0.970683670495244
"1669","ERP29","week24 - week0",-0.121146103896102,0.467779399128121,82,-0.25898127220203,0.796298709355394,0.97244903805597
"1670","ERP29","week52 - week0",0.234050216450217,0.467779399128121,82,0.500343146548257,0.61817369055848,0.989292669723712
"1671","ERP29","week52 - week24",0.355196320346319,0.467779399128121,82,0.759324418750287,0.449835876745944,0.870095040906987
"1672","CXCL8","week24 - week0",-0.297747619047614,0.661041040214047,82,-0.450422289894743,0.65359464115856,0.94553529381538
"1673","CXCL8","week52 - week0",-0.198163636363634,0.661041040214047,82,-0.299775088547404,0.765107297987565,0.989292669723712
"1674","CXCL8","week52 - week24",0.0995839826839803,0.661041040214047,82,0.150647201347339,0.880623991267388,0.970683670495244
"1675","NBN","week24 - week0",-0.259487012987011,0.384772198540534,82,-0.674391273515245,0.50195946402678,0.920626399316496
"1676","NBN","week52 - week0",0.1850841991342,0.384772198540534,82,0.481022796959439,0.631781347181519,0.989292669723712
"1677","NBN","week52 - week24",0.444571212121211,0.384772198540534,82,1.15541407047468,0.25127655499916,0.821359378462206
"1678","PENK","week24 - week0",-0.152494155844156,0.121451523017517,82,-1.25559690035474,0.212828251373069,0.839659788898411
"1679","PENK","week52 - week0",-0.192376406926408,0.121451523017517,82,-1.583976899974,0.117048340776759,0.668702665676293
"1680","PENK","week52 - week24",-0.0398822510822514,0.121451523017517,82,-0.328379999619265,0.743461451778642,0.954091476599915
"1681","CFP","week24 - week0",-0.111563419913421,0.207313560208783,82,-0.538138555920158,0.591939105019828,0.939634152089483
"1682","CFP","week52 - week0",-0.444750216450218,0.207313560208783,82,-2.1453021018129,0.034886766322813,0.397927178369586
"1683","CFP","week52 - week24",-0.333186796536797,0.207313560208783,82,-1.60716354589275,0.111862553497941,0.821359378462206
"1684","IL17C","week24 - week0",0.127511255411255,0.280741047054459,82,0.454195269089099,0.650888254880183,0.94553529381538
"1685","IL17C","week52 - week0",-0.197389826839826,0.280741047054459,82,-0.703102837689197,0.48398314565011,0.989292669723712
"1686","IL17C","week52 - week24",-0.324901082251082,0.280741047054459,82,-1.1572981067783,0.250510650849432,0.821359378462206
"1687","SPINT2","week24 - week0",0.0316733766233757,0.149890327562546,82,0.21131034362547,0.83316939842114,0.97244903805597
"1688","SPINT2","week52 - week0",-0.00034350649350785,0.149890327562545,82,-0.00229171887935539,0.998177040654147,0.998628989242067
"1689","SPINT2","week52 - week24",-0.0320168831168836,0.149890327562546,82,-0.213602062504825,0.831387598391073,0.970683670495244
"1690","RGS8","week24 - week0",0.26688961038961,0.196823718326338,82,1.35598297125502,0.178827026920686,0.836903694877573
"1691","RGS8","week52 - week0",0.0807714285714269,0.196823718326338,82,0.410374467357161,0.682601563769707,0.989292669723712
"1692","RGS8","week52 - week24",-0.186118181818183,0.196823718326338,82,-0.945608503897862,0.347126433660146,0.821359378462206
"1693","DBN1","week24 - week0",-0.0297173160173164,0.132568377576547,82,-0.224165947872125,0.823185775308663,0.97244903805597
"1694","DBN1","week52 - week0",0.139384848484849,0.132568377576547,82,1.05141852855796,0.296155076695623,0.902742473418827
"1695","DBN1","week52 - week24",0.169102164502165,0.132568377576547,82,1.27558447643008,0.205704245599443,0.821359378462206
"1696","EPO","week24 - week0",-0.20657878787879,0.431708449893989,82,-0.478514580684065,0.633557415776395,0.94553529381538
"1697","EPO","week52 - week0",-0.233684848484851,0.431708449893989,82,-0.541302465917068,0.589766766670315,0.989292669723712
"1698","EPO","week52 - week24",-0.0271060606060615,0.431708449893989,82,-0.0627878852330032,0.950088211989118,0.984078480592994
"1699","GSN","week24 - week0",0.0445751082251082,0.122397853008056,82,0.364182108833022,0.716659429221477,0.958171031743001
"1700","GSN","week52 - week0",-0.0276508658008663,0.122397853008056,82,-0.225909728980673,0.821833763473687,0.989292669723712
"1701","GSN","week52 - week24",-0.0722259740259745,0.122397853008056,82,-0.590091837813694,0.556751741715263,0.908811914527359
"1702","CCL11","week24 - week0",0.121651082251082,0.149420467510658,82,0.814152734747701,0.417915504711635,0.87154806974561
"1703","CCL11","week52 - week0",0.103290692640693,0.149420467510657,82,0.691275394606339,0.491344953856802,0.989292669723712
"1704","CCL11","week52 - week24",-0.0183603896103885,0.149420467510658,82,-0.122877340141363,0.902504898307889,0.970683670495244
"1705","MYOM3","week24 - week0",0.175353463203461,0.205993294890055,82,0.851258111566459,0.397105091210564,0.867924301148837
"1706","MYOM3","week52 - week0",0.0208733766233812,0.205993294890055,82,0.101330369197318,0.919535572591022,0.989292669723712
"1707","MYOM3","week52 - week24",-0.15448008658008,0.205993294890055,82,-0.749927742369142,0.455444515276906,0.870095040906987
"1708","GHR","week24 - week0",-0.11385606060606,0.10136915498531,82,-1.12318249691003,0.264637695722862,0.853267848645464
"1709","GHR","week52 - week0",0.0708082251082247,0.10136915498531,82,0.698518450888598,0.486829374118432,0.989292669723712
"1710","GHR","week52 - week24",0.184664285714284,0.10136915498531,82,1.82170094779863,0.0721467898273678,0.821359378462206
"1711","CCL28","week24 - week0",0.171900216450216,0.339843697470613,82,0.505821404750579,0.614339131879595,0.941680092178103
"1712","CCL28","week52 - week0",-0.138828138528142,0.339843697470613,82,-0.408505850075818,0.683967175306508,0.989292669723712
"1713","CCL28","week52 - week24",-0.310728354978358,0.339843697470613,82,-0.914327254826398,0.363225683430133,0.821359378462206
"1714","CXCL10","week24 - week0",-0.353761255411256,0.270149424384261,82,-1.30950216243313,0.194021574345806,0.836903694877573
"1715","CXCL10","week52 - week0",-0.230062121212122,0.270149424384261,82,-0.851610628956518,0.396910484319689,0.936009948666461
"1716","CXCL10","week52 - week24",0.123699134199134,0.270149424384261,82,0.457891533476616,0.648241433357861,0.920041313064554
"1717","GC","week24 - week0",0.0439225108225102,0.1936618401905,82,0.226800028231193,0.82114369214444,0.97244903805597
"1718","GC","week52 - week0",-0.299054545454547,0.1936618401905,82,-1.54420997528669,0.126388176170655,0.683432360033912
"1719","GC","week52 - week24",-0.342977056277057,0.1936618401905,82,-1.77101000351788,0.0802749167997056,0.821359378462206
"1720","FCRL6","week24 - week0",-0.021498701298703,0.167383966528507,82,-0.128439430278655,0.898115719742583,0.981473765586954
"1721","FCRL6","week52 - week0",-0.0978599567099574,0.167383966528507,82,-0.58464355182604,0.560392610806628,0.989292669723712
"1722","FCRL6","week52 - week24",-0.0763612554112544,0.167383966528507,82,-0.456204121547385,0.649449196659156,0.920041313064554
"1723","CCL17","week24 - week0",0.00521688311688282,0.241297050886239,82,0.0216201694041522,0.982803467968686,0.995622722354238
"1724","CCL17","week52 - week0",-0.121710606060605,0.241297050886239,82,-0.504401548272491,0.615331949418949,0.989292669723712
"1725","CCL17","week52 - week24",-0.126927489177488,0.241297050886239,82,-0.526021717676643,0.600292913284862,0.916473752585181
"1726","PRDX2","week24 - week0",-0.191344805194807,0.395379693937727,82,-0.483952029223192,0.629709893909236,0.94553529381538
"1727","PRDX2","week52 - week0",0.0439415584415587,0.395379693937726,82,0.111137620660103,0.911778796944627,0.989292669723712
"1728","PRDX2","week52 - week24",0.235286363636366,0.395379693937727,82,0.595089649883295,0.553422262725695,0.908811914527359
"1729","F12","week24 - week0",-0.100198484848486,0.252141248021617,82,-0.397390294664898,0.692112212114695,0.948787387030154
"1730","F12","week52 - week0",-0.43329090909091,0.252141248021617,82,-1.71844516710635,0.0894891126209691,0.625226630840529
"1731","F12","week52 - week24",-0.333092424242425,0.252141248021617,82,-1.32105487244145,0.190157722831969,0.821359378462206
"1732","CXCL9","week24 - week0",-0.196309523809525,0.300221639703963,82,-0.653881991994641,0.515017423375384,0.921031596506803
"1733","CXCL9","week52 - week0",-0.189982034632035,0.300221639703963,82,-0.632805932375059,0.528621159325488,0.989292669723712
"1734","CXCL9","week52 - week24",0.00632748917748957,0.300221639703963,82,0.0210760596195826,0.983236183403287,0.993928994766839
"1735","CST7","week24 - week0",-0.443196103896103,0.232330467036688,82,-1.90761078195619,0.0599422928849236,0.728787311252389
"1736","CST7","week52 - week0",-0.221337662337661,0.232330467036688,82,-0.952684618426344,0.343549741834823,0.916071137979956
"1737","CST7","week52 - week24",0.221858441558441,0.232330467036688,82,0.954926163529843,0.342421747574484,0.821359378462206
"1738","ROBO1","week24 - week0",0.00210887445887335,0.177686485332182,82,0.0118685135503178,0.990559346988004,0.995622722354238
"1739","ROBO1","week52 - week0",0.018852813852813,0.177686485332182,82,0.106101563197493,0.915760906802231,0.989292669723712
"1740","ROBO1","week52 - week24",0.0167439393939396,0.177686485332182,82,0.0942330496471753,0.925153913308279,0.97519672893397
"1741","SAMD9L","week24 - week0",-0.226717532467532,0.254734665596137,82,-0.890014446745839,0.376061905801917,0.865582065676754
"1742","SAMD9L","week52 - week0",0.0314294372294378,0.254734665596137,82,0.12338107636778,0.902107260895054,0.989292669723712
"1743","SAMD9L","week52 - week24",0.25814696969697,0.254734665596137,82,1.01339552311362,0.313852184849259,0.821359378462206
"1744","CCL23","week24 - week0",-0.259548701298702,0.143373441053327,82,-1.81029833274465,0.0739127019816437,0.728787311252389
"1745","CCL23","week52 - week0",-0.150180303030304,0.143373441053327,82,-1.04747644980108,0.29795760923306,0.902742473418827
"1746","CCL23","week52 - week24",0.109368398268398,0.143373441053327,82,0.762821882943571,0.447758553069471,0.870095040906987
"1747","MARS1","week24 - week0",-0.241446969696969,0.222655100455352,82,-1.08439900636988,0.281365959950239,0.853267848645464
"1748","MARS1","week52 - week0",0.08904025974026,0.222655100455352,82,0.399902178563006,0.690268387227761,0.989292669723712
"1749","MARS1","week52 - week24",0.330487229437229,0.222655100455352,82,1.48430118493289,0.141563014393281,0.821359378462206
"1750","FXYD5","week24 - week0",-0.120723593073594,0.204397742880722,82,-0.590630754391664,0.556392244609867,0.939284725775812
"1751","FXYD5","week52 - week0",0.185951515151515,0.204397742880721,82,0.909753270905877,0.365619010612283,0.925370007894372
"1752","FXYD5","week52 - week24",0.306675108225109,0.204397742880721,82,1.50038402529754,0.137355645252497,0.821359378462206
"1753","CLIP2","week24 - week0",0.0966725108225121,0.245864484990933,82,0.393194286788014,0.695196396870937,0.948787387030154
"1754","CLIP2","week52 - week0",0.390495021645023,0.245864484990933,82,1.58825306411955,0.116077761511797,0.668702665676293
"1755","CLIP2","week52 - week24",0.293822510822511,0.245864484990933,82,1.19505877733153,0.235509013370888,0.821359378462206
"1756","FST","week24 - week0",0.0915134199134214,0.211036648443359,82,0.433637572376359,0.665690344295569,0.94553529381538
"1757","FST","week52 - week0",0.0717906926406915,0.211036648443359,82,0.340181163652055,0.73459000128892,0.989292669723712
"1758","FST","week52 - week24",-0.0197227272727299,0.211036648443359,82,-0.0934564087243041,0.925768949522248,0.97519672893397
"1759","AMN","week24 - week0",-0.14716471861472,0.248407776805715,82,-0.592432010410932,0.555191511198186,0.939284725775812
"1760","AMN","week52 - week0",0.203543939393937,0.248407776805715,82,0.819394392604436,0.414936658391441,0.936315691338011
"1761","AMN","week52 - week24",0.350708658008658,0.248407776805715,82,1.41182640301537,0.161784624457044,0.821359378462206
"1762","OSCAR","week24 - week0",-0.169593073593074,0.125232303113718,82,-1.35422785795989,0.179383906802776,0.836903694877573
"1763","OSCAR","week52 - week0",-0.118156493506494,0.125232303113718,82,-0.943498526887284,0.348197596569814,0.917632655220087
"1764","OSCAR","week52 - week24",0.0514365800865798,0.125232303113718,82,0.410729331072611,0.682342343771846,0.936252078659557
"1765","TXN","week24 - week0",-0.392123809523811,0.372613964726329,82,-1.05235940314747,0.295725958558361,0.853267848645464
"1766","TXN","week52 - week0",-0.134307575757575,0.372613964726329,82,-0.360446973199781,0.719439733396067,0.989292669723712
"1767","TXN","week52 - week24",0.257816233766235,0.372613964726329,82,0.691912429947685,0.490946886681393,0.877166347541417
"1768","SPRY2","week24 - week0",0.0702233766233755,0.196584671711678,82,0.357216948869588,0.721847103788724,0.961584645557972
"1769","SPRY2","week52 - week0",0.322234632034631,0.196584671711678,82,1.63916458607331,0.105010321902673,0.655247480533601
"1770","SPRY2","week52 - week24",0.252011255411256,0.196584671711678,82,1.28194763720372,0.203473718777653,0.821359378462206
"1771","SPON1","week24 - week0",0.007781601731601,0.193911200172496,82,0.0401297177505929,0.968087255241225,0.995622722354238
"1772","SPON1","week52 - week0",-0.0990930735930749,0.193911200172496,82,-0.51102295022116,0.610708168776238,0.989292669723712
"1773","SPON1","week52 - week24",-0.106874675324676,0.193911200172496,82,-0.551152667971753,0.583027699129798,0.910484685798641
"1774","PON3","week24 - week0",-0.0240917748917749,0.094920785482993,82,-0.253809266002033,0.800278235562972,0.97244903805597
"1775","PON3","week52 - week0",0.0284917748917742,0.094920785482993,82,0.300163707525146,0.764811923267436,0.989292669723712
"1776","PON3","week52 - week24",0.0525835497835491,0.094920785482993,82,0.553972973527179,0.581104928194566,0.910484685798641
"1777","OLFM4","week24 - week0",-0.734818398268398,0.462191181776213,82,-1.58985810902855,0.115715124281959,0.817190982494432
"1778","OLFM4","week52 - week0",-0.234954545454545,0.462191181776212,82,-0.508349260476171,0.612573340265392,0.989292669723712
"1779","OLFM4","week52 - week24",0.499863852813853,0.462191181776212,82,1.08150884855237,0.28264119416168,0.821359378462206
"1780","MENT","week24 - week0",0.0403493506493515,0.0897743146228686,82,0.449453173982496,0.654290546749936,0.94553529381538
"1781","MENT","week52 - week0",0.0857655844155844,0.0897743146228686,82,0.955346579652271,0.342210453915484,0.916071137979956
"1782","MENT","week52 - week24",0.0454162337662329,0.0897743146228686,82,0.505893405669775,0.614288805252321,0.916473752585181
"1783","SCGB3A1","week24 - week0",0.0148406926406933,0.0869610355677057,82,0.170659106619524,0.864912209968432,0.976902147976808
"1784","SCGB3A1","week52 - week0",0.0718705627705629,0.0869610355677057,82,0.826468570680788,0.410936713291687,0.936315691338011
"1785","SCGB3A1","week52 - week24",0.0570298701298696,0.0869610355677057,82,0.655809464061264,0.513782624064022,0.893003132301752
"1786","BABAM1","week24 - week0",0.160135497835499,0.389018307324218,82,0.41164000464903,0.681677291807956,0.94553529381538
"1787","BABAM1","week52 - week0",-0.0907816017316007,0.389018307324218,82,-0.233360744269397,0.816062858545023,0.989292669723712
"1788","BABAM1","week52 - week24",-0.2509170995671,0.389018307324218,82,-0.645000748918427,0.520727245447139,0.898985066775436
"1789","IFNGR1","week24 - week0",-0.106431818181819,0.0967297933067176,82,-1.10030027505939,0.274420952151357,0.853267848645464
"1790","IFNGR1","week52 - week0",-0.102009740259741,0.0967297933067176,82,-1.05458449535069,0.294712816377049,0.902742473418827
"1791","IFNGR1","week52 - week24",0.00442207792207802,0.0967297933067176,82,0.0457157797087004,0.963647937141715,0.989399429132844
"1792","SOD3","week24 - week0",-0.0879482683982693,0.131303871943087,82,-0.669807120664269,0.504862564046116,0.920626399316496
"1793","SOD3","week52 - week0",-0.178912121212122,0.131303871943087,82,-1.36258069594223,0.17674534560438,0.816048997141891
"1794","SOD3","week52 - week24",-0.0909638528138526,0.131303871943087,82,-0.692773575277964,0.490409059496043,0.877166347541417
"1795","TP53I3","week24 - week0",-0.406040043290043,0.321187467755193,82,-1.26418395502132,0.209745713213405,0.839659788898411
"1796","TP53I3","week52 - week0",-0.00310454545454431,0.321187467755193,82,-0.00966583620538574,0.992311376190306,0.998333364820653
"1797","TP53I3","week52 - week24",0.402935497835499,0.321187467755193,82,1.25451811881594,0.213217850440089,0.821359378462206
"1798","IL1A","week24 - week0",-0.847829437229437,0.897136389609689,82,-0.945039625021003,0.347415023468428,0.865582065676754
"1799","IL1A","week52 - week0",0.0511606060606052,0.897136389609689,82,0.0570265643586962,0.954662765191305,0.989292669723712
"1800","IL1A","week52 - week24",0.898990043290042,0.897136389609689,82,1.0020661893797,0.319259533810935,0.821359378462206
"1801","PLCB1","week24 - week0",-0.0564450216450225,0.247931673921197,82,-0.227663616964741,0.82047445879983,0.97244903805597
"1802","PLCB1","week52 - week0",0.267663852813853,0.247931673921197,82,1.0795871644013,0.283491310520873,0.892020071897573
"1803","PLCB1","week52 - week24",0.324108874458875,0.247931673921197,82,1.30725078136604,0.194781344435803,0.821359378462206
"1804","FABP1","week24 - week0",-0.243006493506494,0.29020117655646,82,-0.837372530290953,0.404817164253379,0.87154806974561
"1805","FABP1","week52 - week0",-0.545810606060607,0.29020117655646,82,-1.88080080355711,0.0635487599910452,0.532731223328339
"1806","FABP1","week52 - week24",-0.302804112554113,0.29020117655646,82,-1.04342827326615,0.299816408636905,0.821359378462206
"1807","FGL1","week24 - week0",0.120105411255408,0.238104581735981,82,0.504422932056744,0.615316991738295,0.941680092178103
"1808","FGL1","week52 - week0",-0.236318398268402,0.238104581735981,82,-0.992498323826631,0.32387423831179,0.912850169759098
"1809","FGL1","week52 - week24",-0.35642380952381,0.238104581735981,82,-1.49692125588337,0.138253131563082,0.821359378462206
"1810","CFB","week24 - week0",-0.0718543290043318,0.26774271212037,82,-0.268370811796468,0.789087899976474,0.97244903805597
"1811","CFB","week52 - week0",-0.497575541125544,0.26774271212037,82,-1.8584092810035,0.0666991723964833,0.538797335074908
"1812","CFB","week52 - week24",-0.425721212121213,0.26774271212037,82,-1.59003846920704,0.115674431191592,0.821359378462206
"1813","FIS1","week24 - week0",-0.275399783549782,0.327828098391824,82,-0.840073760915459,0.40330979170571,0.87154806974561
"1814","FIS1","week52 - week0",0.0715623376623395,0.327828098391824,82,0.218292263577747,0.827743750321147,0.989292669723712
"1815","FIS1","week52 - week24",0.346962121212122,0.327828098391824,82,1.05836602449321,0.292996427437566,0.821359378462206
"1816","CSF3","week24 - week0",-0.881206709956711,0.512228774219458,82,-1.72033816588986,0.0891428363387995,0.784027355750887
"1817","CSF3","week52 - week0",-0.0939054112554127,0.512228774219458,82,-0.183327091295305,0.854993924713114,0.989292669723712
"1818","CSF3","week52 - week24",0.787301298701298,0.512228774219458,82,1.53701107459455,0.128140485497356,0.821359378462206
"1819","BNIP3L","week24 - week0",-0.288322943722944,0.262734990869233,82,-1.09739073112818,0.275682726079811,0.853267848645464
"1820","BNIP3L","week52 - week0",-0.0159253246753246,0.262734990869233,82,-0.0606136419920211,0.951814396955964,0.989292669723712
"1821","BNIP3L","week52 - week24",0.272397619047619,0.262734990869233,82,1.03677708913616,0.302887496754584,0.821359378462206
"1822","IL4","week24 - week0",0.167073809523815,0.929456847692151,82,0.179754240273403,0.857788966877649,0.976771829500884
"1823","IL4","week52 - week0",0.954370129870133,0.929456847692151,82,1.02680413000328,0.307532155131825,0.902742473418827
"1824","IL4","week52 - week24",0.787296320346318,0.929456847692151,82,0.84704988972988,0.399432759667104,0.854415764564564
"1825","IL6","week24 - week0",-1.64893008658009,1.21857392511274,82,-1.35316377004172,0.17972216999398,0.836903694877573
"1826","IL6","week52 - week0",-0.544769047619045,1.21857392511274,82,-0.44705457452542,0.656014255441874,0.989292669723712
"1827","IL6","week52 - week24",1.10416103896104,1.21857392511274,82,0.906109195516299,0.367532923108117,0.821359378462206
"1828","PTGES2","week24 - week0",-0.371542640692642,0.299673479813978,82,-1.23982489516015,0.218576552718295,0.844237478753202
"1829","PTGES2","week52 - week0",0.132200649350649,0.299673479813978,82,0.44114897799002,0.660266144181481,0.989292669723712
"1830","PTGES2","week52 - week24",0.503743290043291,0.299673479813978,82,1.68097387315017,0.0965734646422228,0.821359378462206
"1831","NDUFA5","week24 - week0",-0.405857359307362,0.251271070317719,82,-1.61521721857664,0.110105104183715,0.817190982494432
"1832","NDUFA5","week52 - week0",-0.10899826839827,0.251271070317719,82,-0.433787575547185,0.66558184701468,0.989292669723712
"1833","NDUFA5","week52 - week24",0.296859090909092,0.251271070317719,82,1.18142964302945,0.240847188413609,0.821359378462206
"1834","IL16","week24 - week0",-0.0342383116883113,0.25071114879662,82,-0.136564775250924,0.891709554226954,0.979310139866934
"1835","IL16","week52 - week0",0.337009956709956,0.25071114879662,82,1.34421607625971,0.182585676242592,0.816048997141891
"1836","IL16","week52 - week24",0.371248268398268,0.25071114879662,82,1.48078085151063,0.142497272168073,0.821359378462206
"1837","IL11","week24 - week0",-0.247109956709958,0.391902935664615,82,-0.63053867226305,0.530095607362118,0.925765055919488
"1838","IL11","week52 - week0",-0.710009307359309,0.391902935664614,82,-1.81169683292938,0.0736941997555975,0.56038297730819
"1839","IL11","week52 - week24",-0.462899350649351,0.391902935664615,82,-1.18115816066633,0.240954395522925,0.821359378462206
"1840","TNFSF13","week24 - week0",-0.0781129870129873,0.137777871809569,82,-0.56694871235166,0.572297753245933,0.939634152089483
"1841","TNFSF13","week52 - week0",0.00909848484848456,0.137777871809569,82,0.0660373449595746,0.947508833419267,0.989292669723712
"1842","TNFSF13","week52 - week24",0.0872114718614719,0.137777871809569,82,0.632986057311234,0.528504111446555,0.903531619100668
"1843","CXCL17","week24 - week0",0.0142694805194775,0.211513818108862,82,0.06746358534426,0.946376877749478,0.994695336947633
"1844","CXCL17","week52 - week0",-0.186054761904762,0.211513818108862,82,-0.879634075769951,0.381628171635677,0.931734332087105
"1845","CXCL17","week52 - week24",-0.20032424242424,0.211513818108862,82,-0.947097661114211,0.346371726449457,0.821359378462206
"1846","FCRL2","week24 - week0",-1.11677727272728,0.288740576168253,82,-3.86775314902923,0.000219219799812047,0.0266717423104657
"1847","FCRL2","week52 - week0",-1.29687640692641,0.288740576168253,82,-4.49149345109951,2.29355820321771e-05,0.00279049581391488
"1848","FCRL2","week52 - week24",-0.180099134199133,0.288740576168253,82,-0.623740302070281,0.534529453334486,0.908811914527359
"1849","SIT1","week24 - week0",0.0930867965367963,0.253438606842816,82,0.367295250303082,0.714345032510459,0.956829126114927
"1850","SIT1","week52 - week0",-0.0638047619047597,0.253438606842815,82,-0.251756284094206,0.801859344565596,0.989292669723712
"1851","SIT1","week52 - week24",-0.156891558441556,0.253438606842815,82,-0.619051534397288,0.537598499872859,0.908811914527359
"1852","CD22","week24 - week0",-2.52779372294373,0.212589429978833,82,-11.8904957936781,1.56793234278072e-19,1.14459061022993e-16
"1853","CD22","week52 - week0",-2.41778528138528,0.212589429978833,82,-11.3730267851324,1.54434688346152e-18,1.12737322492691e-15
"1854","CD22","week52 - week24",0.110008441558442,0.212589429978833,82,0.517469008545698,0.60622196932611,0.916473752585181
"1855","CAT","week24 - week0",-0.237075757575761,0.378418939573507,82,-0.626490201158943,0.532733696751784,0.927036909135475
"1856","CAT","week52 - week0",-0.0853287878787878,0.378418939573507,82,-0.225487624839699,0.822160985672542,0.989292669723712
"1857","CAT","week52 - week24",0.151746969696973,0.378418939573507,82,0.401002576319244,0.689461239044201,0.936442443913945
"1858","GLOD4","week24 - week0",0.0720510822510828,0.299372317657187,82,0.240673829881589,0.810408641162702,0.97244903805597
"1859","GLOD4","week52 - week0",0.257054978354979,0.299372317657186,82,0.858646451905198,0.393038631151192,0.936009948666461
"1860","GLOD4","week52 - week24",0.185003896103896,0.299372317657187,82,0.617972622023609,0.53830597865098,0.908811914527359
"1861","RNASE4","week24 - week0",-0.158019264069265,0.196123090794035,82,-0.805714734708188,0.422737698363112,0.87154806974561
"1862","RNASE4","week52 - week0",-0.226191991341993,0.196123090794035,82,-1.15331647296715,0.252131232420326,0.86556206373234
"1863","RNASE4","week52 - week24",-0.0681727272727274,0.196123090794035,82,-0.347601738258966,0.729029958805899,0.954091476599915
"1864","CFHR5","week24 - week0",-0.0350495670995674,0.169205285031321,82,-0.207142271549494,0.836412285488806,0.97244903805597
"1865","CFHR5","week52 - week0",-0.0242612554112559,0.16920528503132,82,-0.143383555701378,0.886339038239885,0.989292669723712
"1866","CFHR5","week52 - week24",0.0107883116883115,0.169205285031321,82,0.0637587158481162,0.949317522314961,0.984078480592994
"1867","PF4","week24 - week0",-0.30217987012987,0.335170863998497,82,-0.901569624892053,0.369926033727624,0.865582065676754
"1868","PF4","week52 - week0",-0.859930952380955,0.335170863998497,82,-2.5656494783652,0.0121185078818458,0.275997402879502
"1869","PF4","week52 - week24",-0.557751082251085,0.335170863998497,82,-1.66407985347314,0.0999136395390553,0.821359378462206
"1870","LY9","week24 - week0",-0.162458874458876,0.135359768417914,82,-1.20020059399995,0.233517413641272,0.853267848645464
"1871","LY9","week52 - week0",-0.130385930735931,0.135359768417914,82,-0.963254682391103,0.338251809906803,0.916071137979956
"1872","LY9","week52 - week24",0.0320729437229446,0.135359768417914,82,0.236945911608843,0.813289696246413,0.963067496117971
"1873","ADGRD1","week24 - week0",-0.0895742424242433,0.111011182183215,82,-0.806893870172539,0.422061851384784,0.87154806974561
"1874","ADGRD1","week52 - week0",-0.0270770562770559,0.111011182183215,82,-0.243912872059747,0.807907525689037,0.989292669723712
"1875","ADGRD1","week52 - week24",0.0624971861471874,0.111011182183215,82,0.562980998112791,0.57498394465077,0.910484685798641
"1876","SPRED2","week24 - week0",0.113495021645021,0.132105538401563,82,0.859123871854855,0.392776751300144,0.867924301148837
"1877","SPRED2","week52 - week0",0.0216307359307356,0.132105538401563,82,0.163738297367855,0.870340069898642,0.989292669723712
"1878","SPRED2","week52 - week24",-0.0918642857142851,0.132105538401563,82,-0.695385574487001,0.488779714002657,0.877166347541417
"1879","ATP5IF1","week24 - week0",-0.50835909090909,0.542637637952571,82,-0.936829765121311,0.351597149148205,0.865582065676754
"1880","ATP5IF1","week52 - week0",0.0220569264069278,0.542637637952571,82,0.0406476161332099,0.967675629961202,0.989292669723712
"1881","ATP5IF1","week52 - week24",0.530416017316018,0.542637637952571,82,0.977477381254521,0.331207870835349,0.821359378462206
"1882","IL20RB","week24 - week0",-0.137270346320347,0.160789097988119,82,-0.853729189590265,0.395742169646528,0.867924301148837
"1883","IL20RB","week52 - week0",0.0635584415584406,0.160789097988119,82,0.395290740191459,0.693654798166519,0.989292669723712
"1884","IL20RB","week52 - week24",0.200828787878787,0.160789097988119,82,1.24901992978172,0.215211653400335,0.821359378462206
"1885","PNLIP","week24 - week0",-0.0855054112554121,0.34427925212075,82,-0.248360627974824,0.804476328956337,0.97244903805597
"1886","PNLIP","week52 - week0",-0.277073809523812,0.34427925212075,82,-0.804793805659347,0.423265997454169,0.936315691338011
"1887","PNLIP","week52 - week24",-0.1915683982684,0.34427925212075,82,-0.556433177684523,0.579430131480916,0.910484685798641
"1888","SCGB1A1","week24 - week0",-0.0840352813852814,0.16889710456014,82,-0.497553120310351,0.620130683271228,0.94311541414166
"1889","SCGB1A1","week52 - week0",-0.275686580086581,0.16889710456014,82,-1.63227534778973,0.106456091511686,0.655247480533601
"1890","SCGB1A1","week52 - week24",-0.1916512987013,0.16889710456014,82,-1.13472222747938,0.259797859633444,0.821359378462206
"1891","SERPINI1","week24 - week0",-0.421099783549782,0.161129538672717,82,-2.6134238763329,0.010662018501374,0.432404083666836
"1892","SERPINI1","week52 - week0",-0.194604329004329,0.161129538672717,82,-1.20775079856466,0.230615045290243,0.860602741638164
"1893","SERPINI1","week52 - week24",0.226495454545453,0.161129538672717,82,1.40567307776823,0.163598973454588,0.821359378462206
"1894","AGRN","week24 - week0",-0.170180519480521,0.158982415714881,82,-1.07043611531053,0.287563743106443,0.853267848645464
"1895","AGRN","week52 - week0",-0.122820129870131,0.158982415714881,82,-0.772539084387779,0.442016237278255,0.963199561830228
"1896","AGRN","week52 - week24",0.0473603896103894,0.158982415714881,82,0.29789703092275,0.766535228838413,0.954091476599915
"1897","FGF12","week24 - week0",0.0553614718614718,0.194404717065768,82,0.284774323879923,0.776535016457038,0.97244903805597
"1898","FGF12","week52 - week0",0.190927922077921,0.194404717065768,82,0.982115686078387,0.328931740858383,0.916071137979956
"1899","FGF12","week52 - week24",0.13556645021645,0.194404717065768,82,0.697341362198464,0.487561655953454,0.877166347541417
"1900","PSMG3","week24 - week0",-0.112496536796536,0.351884742257227,82,-0.319697114671433,0.750011053251148,0.968106129922017
"1901","PSMG3","week52 - week0",-0.0986216450216437,0.351884742257227,82,-0.280266897589869,0.779978589080312,0.989292669723712
"1902","PSMG3","week52 - week24",0.0138748917748925,0.351884742257227,82,0.0394302170815636,0.968643231619444,0.98983350503297
"1903","TPT1","week24 - week0",-0.453361688311689,0.35236606606626,82,-1.28662130656599,0.201846879749819,0.836903694877573
"1904","TPT1","week52 - week0",-0.0221367965367966,0.35236606606626,82,-0.0628232927873193,0.950060103015719,0.989292669723712
"1905","TPT1","week52 - week24",0.431224891774893,0.35236606606626,82,1.22379801377867,0.224533271629495,0.821359378462206
"1906","SERPINC1","week24 - week0",-0.164240043290044,0.198781900468129,82,-0.826232382844016,0.411069883365234,0.87154806974561
"1907","SERPINC1","week52 - week0",-0.49923787878788,0.198781900468129,82,-2.51148559105322,0.0139851262520443,0.280800721681016
"1908","SERPINC1","week52 - week24",-0.334997835497836,0.198781900468129,82,-1.6852532082092,0.0957419787289477,0.821359378462206
"1909","EIF4G1","week24 - week0",0.14106168831169,0.281927475603896,82,0.500347431585133,0.618170687044552,0.942097289232824
"1910","EIF4G1","week52 - week0",0.339635714285715,0.281927475603896,82,1.20469178663132,0.231787795910898,0.860602741638164
"1911","EIF4G1","week52 - week24",0.198574025974025,0.281927475603896,82,0.704344355046185,0.483213930916897,0.877166347541417
"1912","TIMP3","week24 - week0",0.000839393939392851,0.305088762239673,82,0.00275131058001224,0.997811456972629,0.999180196968476
"1913","TIMP3","week52 - week0",-0.0354528138528151,0.305088762239673,82,-0.116204915554916,0.907774263233435,0.989292669723712
"1914","TIMP3","week52 - week24",-0.0362922077922079,0.305088762239673,82,-0.118956226134928,0.905600976392114,0.970683670495244
"1915","MCEMP1","week24 - week0",0.0266441558441582,0.363487875548865,82,0.0733013606132684,0.941744819508554,0.994695336947633
"1916","MCEMP1","week52 - week0",0.436227489177491,0.363487875548865,82,1.20011565315291,0.233550215031436,0.860602741638164
"1917","MCEMP1","week52 - week24",0.409583333333333,0.363487875548865,82,1.12681429253964,0.26310771949505,0.821359378462206
"1918","SHBG","week24 - week0",0.147579437229438,0.181602579386741,82,0.812650556659509,0.418771555359505,0.87154806974561
"1919","SHBG","week52 - week0",-0.161049783549784,0.181602579386741,82,-0.886825418965068,0.377766502374607,0.931734332087105
"1920","SHBG","week52 - week24",-0.308629220779222,0.181602579386741,82,-1.69947597562458,0.0930203070494094,0.821359378462206
"1921","IDO1","week24 - week0",0.275529653679652,0.445262713011878,82,0.61880244095872,0.537761796501694,0.930251448924731
"1922","IDO1","week52 - week0",-0.253626406926407,0.445262713011878,82,-0.569610702883269,0.570498962136694,0.989292669723712
"1923","IDO1","week52 - week24",-0.529156060606059,0.445262713011878,82,-1.18841314384199,0.23810118800473,0.821359378462206
"1924","CFI","week24 - week0",-0.233636796536798,0.214826109620264,82,-1.08756238685225,0.279974735151193,0.853267848645464
"1925","CFI","week52 - week0",-0.713012337662339,0.214826109620264,82,-3.31902085329708,0.00134915977330304,0.0757605103470166
"1926","CFI","week52 - week24",-0.479375541125541,0.214826109620264,82,-2.23145846644482,0.0283799895177263,0.821359378462206
"1927","HEG1","week24 - week0",-0.077498917748918,0.118978841244555,82,-0.651367225787844,0.516630818949791,0.921031596506803
"1928","HEG1","week52 - week0",0.035407792207792,0.118978841244555,82,0.297597386538781,0.766763130286548,0.989292669723712
"1929","HEG1","week52 - week24",0.11290670995671,0.118978841244555,82,0.948964612326626,0.345427057207362,0.821359378462206
"1930","MANF","week24 - week0",-0.243866450216448,0.294185116084021,82,-0.828955772687013,0.409535935714342,0.87154806974561
"1931","MANF","week52 - week0",-0.00494978354978215,0.294185116084021,82,-0.0168254044109032,0.986616774463029,0.997548816285334
"1932","MANF","week52 - week24",0.238916666666666,0.294185116084021,82,0.81213036827611,0.419068241424034,0.859235053017188
"1933","CCN2","week24 - week0",-0.0171448051948061,0.110786256776338,82,-0.154755704305626,0.877394196499796,0.977262642045504
"1934","CCN2","week52 - week0",-0.0975820346320361,0.110786256776338,82,-0.880813536547594,0.380993128974141,0.931734332087105
"1935","CCN2","week52 - week24",-0.08043722943723,0.110786256776338,82,-0.726057832241968,0.469870655632848,0.874190353994038
"1936","IL2RB","week24 - week0",-0.153033766233766,0.254868403241091,82,-0.600442284283491,0.549867458368081,0.939284725775812
"1937","IL2RB","week52 - week0",0.0919896103896107,0.254868403241091,82,0.360929833670256,0.719080095202462,0.989292669723712
"1938","IL2RB","week52 - week24",0.245023376623377,0.254868403241091,82,0.961372117953747,0.339191459097569,0.821359378462206
"1939","IL31RA","week24 - week0",0.196985497835498,0.176841857920213,82,1.11390764693489,0.268573239105682,0.853267848645464
"1940","IL31RA","week52 - week0",0.337674025974026,0.176841857920213,82,1.90946888901369,0.0596988768309044,0.53146561081171
"1941","IL31RA","week52 - week24",0.140688528138527,0.176841857920213,82,0.795561242078801,0.428584053636113,0.861890796568491
"1942","PSMG4","week24 - week0",-0.495259956709958,0.471708859855356,82,-1.04992718784596,0.296836122839505,0.853267848645464
"1943","PSMG4","week52 - week0",-0.264836363636363,0.471708859855356,82,-0.561440299674618,0.576028650655417,0.989292669723712
"1944","PSMG4","week52 - week24",0.230423593073594,0.471708859855356,82,0.488486888171342,0.626508842858533,0.920041313064554
"1945","APOB","week24 - week0",0.23491774891775,0.407684590345822,82,0.576224253947098,0.566041888544187,0.939634152089483
"1946","APOB","week52 - week0",0.19963787878788,0.407684590345822,82,0.489687085348346,0.625662845993528,0.989292669723712
"1947","APOB","week52 - week24",-0.0352798701298697,0.407684590345822,82,-0.0865371685987523,0.931250373955704,0.975341137715443
"1948","FOXJ3","week24 - week0",-0.0972543290043291,0.217582762996215,82,-0.446976257057739,0.656070568351208,0.94553529381538
"1949","FOXJ3","week52 - week0",0.110450216450216,0.217582762996215,82,0.507623926313214,0.613079776684468,0.989292669723712
"1950","FOXJ3","week52 - week24",0.207704545454545,0.217582762996215,82,0.954600183370953,0.342585637859094,0.821359378462206
"1951","JAM3","week24 - week0",-0.291799783549785,0.171865409745742,82,-1.69783893094879,0.0933303159446826,0.789190452193174
"1952","JAM3","week52 - week0",0.112941125541125,0.171865409745742,82,0.657148670626687,0.51292561075945,0.989292669723712
"1953","JAM3","week52 - week24",0.40474090909091,0.171865409745742,82,2.35498760157547,0.0209130328565135,0.821359378462206
"1954","SERPINA4","week24 - week0",0.0559220779220764,0.281980590554497,82,0.198318890715525,0.843286426352058,0.97244903805597
"1955","SERPINA4","week52 - week0",-0.335831385281387,0.281980590554497,82,-1.19097340927259,0.237100119995163,0.860602741638164
"1956","SERPINA4","week52 - week24",-0.391753463203463,0.281980590554497,82,-1.38929229998811,0.168505069289541,0.821359378462206
"1957","LGALS9","week24 - week0",-0.223666666666669,0.221899184918115,82,-1.00796524669168,0.316436285519687,0.861934658318551
"1958","LGALS9","week52 - week0",-0.0230201298701304,0.221899184918115,82,-0.103741389940776,0.917627889750204,0.989292669723712
"1959","LGALS9","week52 - week24",0.200646536796539,0.221899184918115,82,0.904223856750901,0.368525616157497,0.821359378462206
"1960","LGALS4","week24 - week0",0.0224277056277037,0.245797726427516,82,0.0912445609390834,0.927520798730974,0.988452822005272
"1961","LGALS4","week52 - week0",-0.0215777056277061,0.245797726427516,82,-0.0877864329394812,0.930260452828131,0.989292669723712
"1962","LGALS4","week52 - week24",-0.0440054112554098,0.245797726427516,82,-0.179030993878565,0.858354984940005,0.970683670495244
"1963","SIRPB1","week24 - week0",-0.18859761904762,0.118708131548834,82,-1.58875063221794,0.115965245882774,0.817190982494432
"1964","SIRPB1","week52 - week0",-0.148449783549784,0.118708131548834,82,-1.25054435288382,0.214657487514407,0.84247293486837
"1965","SIRPB1","week52 - week24",0.0401478354978361,0.118708131548834,82,0.338206279334118,0.736072134935609,0.954091476599915
"1966","EDNRB","week24 - week0",-0.110697835497837,0.136924112798688,82,-0.808461221586221,0.42116448926132,0.87154806974561
"1967","EDNRB","week52 - week0",-0.0771465367965378,0.136924112798688,82,-0.563425500590697,0.574682709203199,0.989292669723712
"1968","EDNRB","week52 - week24",0.0335512987012989,0.136924112798688,82,0.245035720995524,0.807040952075882,0.961944236158492
"1969","PRR5","week24 - week0",-0.66659112554113,0.381322999705481,82,-1.74810102211505,0.0841894407322269,0.758744342401551
"1970","PRR5","week52 - week0",-0.456305627705629,0.381322999705481,82,-1.19663809436636,0.234895992052542,0.860602741638164
"1971","PRR5","week52 - week24",0.2102854978355,0.381322999705481,82,0.551462927748697,0.582816028630804,0.910484685798641
"1972","COL9A1","week24 - week0",-0.0157456709956705,0.228706568696517,82,-0.0688466058732416,0.945279329374204,0.994695336947633
"1973","COL9A1","week52 - week0",-0.292140476190477,0.228706568696517,82,-1.27735935987975,0.205080270502293,0.834043212901948
"1974","COL9A1","week52 - week24",-0.276394805194806,0.228706568696517,82,-1.20851275400651,0.230323599438783,0.821359378462206
"1975","SERPINB8","week24 - week0",-0.060147186147185,0.346094536995454,82,-0.17378831422576,0.8624601445309,0.976902147976808
"1976","SERPINB8","week52 - week0",0.366025324675326,0.346094536995454,82,1.05758769801135,0.293349140503443,0.902742473418827
"1977","SERPINB8","week52 - week24",0.426172510822511,0.346094536995454,82,1.23137601223711,0.221702186896865,0.821359378462206
"1978","IGFL4","week24 - week0",-0.265785930735933,0.295424483446503,82,-0.89967469058489,0.370927890560437,0.865582065676754
"1979","IGFL4","week52 - week0",-0.607312337662341,0.295424483446503,82,-2.05572784820428,0.0429904448184094,0.450796920162022
"1980","IGFL4","week52 - week24",-0.341526406926408,0.295424483446503,82,-1.15605315761939,0.251016565099102,0.821359378462206
"1981","PREB","week24 - week0",-0.00491060606060539,0.152547640609751,82,-0.0321906392060677,0.97439824649758,0.995622722354238
"1982","PREB","week52 - week0",0.0591725108225109,0.152547640609751,82,0.387895286914902,0.699098657766776,0.989292669723712
"1983","PREB","week52 - week24",0.0640831168831163,0.152547640609751,82,0.42008592612097,0.675521411473346,0.932194008271348
"1984","SHH","week24 - week0",0.0301961038961049,0.13385482082677,82,0.225588467487351,0.822082807896815,0.97244903805597
"1985","SHH","week52 - week0",0.0596720779220781,0.13385482082677,82,0.445797002704173,0.656918732612873,0.989292669723712
"1986","SHH","week52 - week24",0.0294759740259731,0.13385482082677,82,0.220208535216822,0.826256067309265,0.970330139680847
"1987","PNPT1","week24 - week0",-0.566984848484847,0.312155304509537,82,-1.81635500116104,0.0729702817513504,0.728787311252389
"1988","PNPT1","week52 - week0",-0.181998484848484,0.312155304509537,82,-0.583038257621292,0.56146760032826,0.989292669723712
"1989","PNPT1","week52 - week24",0.384986363636362,0.312155304509537,82,1.23331674353975,0.220981350738295,0.821359378462206
"1990","IL12RB1","week24 - week0",-0.0320500000000022,0.210304293776189,82,-0.152398219858082,0.879247222188817,0.977262642045504
"1991","IL12RB1","week52 - week0",0.276137662337661,0.210304293776189,82,1.3130386326374,0.192832603646363,0.825497707840298
"1992","IL12RB1","week52 - week24",0.308187662337664,0.210304293776189,82,1.46543685249548,0.146625795555899,0.821359378462206
"1993","CKAP4","week24 - week0",-0.458361255411257,0.24941635196648,82,-1.83773538421755,0.0697232009479243,0.728787311252389
"1994","CKAP4","week52 - week0",0.0509965367965361,0.24941635196648,82,0.204463486032342,0.838497961524189,0.989292669723712
"1995","CKAP4","week52 - week24",0.509357792207793,0.24941635196648,82,2.04219887024989,0.044345572128714,0.821359378462206
"1996","IL20","week24 - week0",-0.1771170995671,0.222698617561451,82,-0.795321953528636,0.428722410657197,0.87154806974561
"1997","IL20","week52 - week0",-0.0542361471861476,0.222698617561451,82,-0.243540565181918,0.80819491153024,0.989292669723712
"1998","IL20","week52 - week24",0.122880952380952,0.222698617561451,82,0.551781388346718,0.582598801213541,0.910484685798641
"1999","ARNT","week24 - week0",-0.137090692640693,0.248592101097079,82,-0.551468417683781,0.582812283526281,0.939634152089483
"2000","ARNT","week52 - week0",-0.311565800865802,0.248592101097079,82,-1.25332140277511,0.213650654302312,0.84247293486837
"2001","ARNT","week52 - week24",-0.17447510822511,0.248592101097079,82,-0.701852985091328,0.484758207392342,0.877166347541417
"2002","NME3","week24 - week0",-0.142639610389611,0.0864878714654047,82,-1.64924408443405,0.10292368815397,0.791659460123049
"2003","NME3","week52 - week0",-0.088591125541126,0.0864878714654047,82,-1.0243184858187,0.308697218441048,0.902742473418827
"2004","NME3","week52 - week24",0.0540484848484848,0.0864878714654047,82,0.624925598615343,0.533755042151771,0.908811914527359
"2005","APCS","week24 - week0",-0.250791125541127,0.240842834072869,82,-1.0413061551387,0.300793960472102,0.853267848645464
"2006","APCS","week52 - week0",-0.628792424242426,0.240842834072869,82,-2.61079980503874,0.0107377079766997,0.261284227433025
"2007","APCS","week52 - week24",-0.378001298701299,0.240842834072869,82,-1.56949364990005,0.120383951558723,0.821359378462206
"2008","TBC1D5","week24 - week0",0.329707792207794,0.269585008160498,82,1.22301976084479,0.224825504404884,0.853267848645464
"2009","TBC1D5","week52 - week0",0.457675757575758,0.269585008160498,82,1.69770478224546,0.0933557572076954,0.625226630840529
"2010","TBC1D5","week52 - week24",0.127967965367964,0.269585008160498,82,0.474685021400665,0.636273277772261,0.920041313064554
"2011","NEDD9","week24 - week0",-0.0974556277056263,0.290337856656937,82,-0.335662833733666,0.737982442889733,0.962012827338402
"2012","NEDD9","week52 - week0",0.451305844155845,0.290337856656937,82,1.55441611835382,0.123936492488057,0.682407315420834
"2013","NEDD9","week52 - week24",0.548761471861471,0.290337856656937,82,1.89007895208749,0.062280533959864,0.821359378462206
"2014","PIK3AP1","week24 - week0",-0.0786283549783546,0.393210127590473,82,-0.199965233500409,0.842002849721837,0.97244903805597
"2015","PIK3AP1","week52 - week0",0.329378354978356,0.393210127590473,82,0.837664983342958,0.40465380072857,0.936315691338011
"2016","PIK3AP1","week52 - week24",0.408006709956711,0.393210127590473,82,1.03763021684337,0.302492390661926,0.821359378462206
"2017","IL32","week24 - week0",-0.238866883116884,0.17941311136564,82,-1.33137919129042,0.186753804230695,0.836903694877573
"2018","IL32","week52 - week0",-0.0901783549783551,0.17941311136564,82,-0.502629681253193,0.61657191262426,0.989292669723712
"2019","IL32","week52 - week24",0.148688528138529,0.17941311136564,82,0.828749510037232,0.409651991539004,0.854417010924208
"2020","NCK2","week24 - week0",-0.0453106060606051,0.137068219003587,82,-0.330569743956616,0.74181266104005,0.964201865732577
"2021","NCK2","week52 - week0",-0.00709632034632014,0.137068219003587,82,-0.0517721788311441,0.958836136535032,0.989292669723712
"2022","NCK2","week52 - week24",0.038214285714285,0.137068219003587,82,0.278797565125472,0.78110208063228,0.956718991378464
"2023","CASP2","week24 - week0",0.098180303030305,0.236410009117548,82,0.415296727058151,0.679009379354788,0.94553529381538
"2024","CASP2","week52 - week0",0.0814954545454554,0.236410009117548,82,0.344720829924482,0.731186843842415,0.989292669723712
"2025","CASP2","week52 - week24",-0.0166848484848496,0.236410009117548,82,-0.0705758971336684,0.943907133784854,0.98284708916301
"2026","SERPING1","week24 - week0",0.0208755411255401,0.194188008872351,82,0.10750170026854,0.914653570332074,0.98726931229402
"2027","SERPING1","week52 - week0",-0.307415800865802,0.19418800887235,82,-1.58308333584018,0.117251974255569,0.668702665676293
"2028","SERPING1","week52 - week24",-0.328291341991343,0.194188008872351,82,-1.69058503610872,0.0947141667859533,0.821359378462206
"2029","LZTFL1","week24 - week0",-0.45387012987013,0.392355679921599,82,-1.15678236125146,0.25072014809575,0.853267848645464
"2030","LZTFL1","week52 - week0",0.162316450216451,0.392355679921599,82,0.413697210268207,0.680175871313107,0.989292669723712
"2031","LZTFL1","week52 - week24",0.616186580086581,0.392355679921599,82,1.57047957151967,0.120154507408841,0.821359378462206
"2032","CRIM1","week24 - week0",-0.114961255411256,0.100627079784533,82,-1.14244849057944,0.256592496982264,0.853267848645464
"2033","CRIM1","week52 - week0",-0.0945928571428578,0.100627079784533,82,-0.940033809441797,0.349961150954383,0.918962734520503
"2034","CRIM1","week52 - week24",0.020368398268398,0.100627079784533,82,0.20241468113764,0.840093921800721,0.970683670495244
"2035","UROD","week24 - week0",-0.15736103896104,0.408438855690701,82,-0.385274409543946,0.701031714374213,0.948787387030154
"2036","UROD","week52 - week0",0.0187634199134209,0.4084388556907,82,0.0459393606949822,0.963470277291526,0.989292669723712
"2037","UROD","week52 - week24",0.176124458874461,0.4084388556907,82,0.431213770238928,0.667444466820102,0.924543568839989
"2038","CD70","week24 - week0",-0.360832034632035,0.141808383762958,82,-2.54450424620302,0.0128186902521831,0.492507572847035
"2039","CD70","week52 - week0",-0.510998051948052,0.141808383762958,82,-3.60344034949456,0.000537337002287359,0.0356596374245247
"2040","CD70","week52 - week24",-0.150166017316018,0.141808383762958,82,-1.05893610329153,0.292738269668051,0.821359378462206
"2041","CGB3_CGB5_CGB8","week24 - week0",0.279927056277059,0.433044692497667,82,0.646416088516238,0.519815092823017,0.921031596506803
"2042","CGB3_CGB5_CGB8","week52 - week0",-0.344687878787878,0.433044692497667,82,-0.795963753301826,0.428351380680693,0.944702440776152
"2043","CGB3_CGB5_CGB8","week52 - week24",-0.624614935064937,0.433044692497667,82,-1.44237984181806,0.153004067944832,0.821359378462206
"2044","TGOLN2","week24 - week0",-0.0482188311688322,0.146154035206968,82,-0.329917891767749,0.742303354166724,0.964201865732577
"2045","TGOLN2","week52 - week0",-0.0837354978354996,0.146154035206968,82,-0.572926349360948,0.568262318733633,0.989292669723712
"2046","TGOLN2","week52 - week24",-0.0355166666666674,0.146154035206968,82,-0.2430084575932,0.80860569421428,0.961944236158492
"2047","IKBKG","week24 - week0",-0.00718138528138425,0.233313653221983,82,-0.0307799615762376,0.97551981519984,0.995622722354238
"2048","IKBKG","week52 - week0",0.214619047619048,0.233313653221983,82,0.919873503565829,0.360337046550532,0.925370007894372
"2049","IKBKG","week52 - week24",0.221800432900432,0.233313653221983,82,0.950653465142066,0.344573947198812,0.821359378462206
"2050","GALNT3","week24 - week0",-0.0931785714285726,0.220017708660941,82,-0.42350487147453,0.67303572541571,0.94553529381538
"2051","GALNT3","week52 - week0",0.055815367965367,0.220017708660941,82,0.253685797861759,0.800373301370689,0.989292669723712
"2052","GALNT3","week52 - week24",0.14899393939394,0.220017708660941,82,0.677190669336289,0.500191067524368,0.882593380931555
"2053","GBP2","week24 - week0",-0.115498484848483,0.476755244949691,82,-0.242259494933654,0.809183978241644,0.97244903805597
"2054","GBP2","week52 - week0",0.139499567099565,0.476755244949691,82,0.292602060653335,0.770565452929602,0.989292669723712
"2055","GBP2","week52 - week24",0.254998051948048,0.476755244949691,82,0.534861555586989,0.594193027299462,0.916473752585181
"2056","CTSE","week24 - week0",-0.540758225108228,0.375661263978759,82,-1.43948359056473,0.153820230471268,0.836903694877573
"2057","CTSE","week52 - week0",-0.152529437229438,0.375661263978759,82,-0.406029186011742,0.685778778571666,0.989292669723712
"2058","CTSE","week52 - week24",0.38822878787879,0.375661263978759,82,1.03345440455299,0.304429650013307,0.821359378462206
"2059","CLEC4C","week24 - week0",-0.387406926406927,0.213548453572983,82,-1.81414063143532,0.0733136709218,0.728787311252389
"2060","CLEC4C","week52 - week0",-0.286138961038963,0.213548453572983,82,-1.33992523125985,0.183971024968168,0.816048997141891
"2061","CLEC4C","week52 - week24",0.101267965367964,0.213548453572983,82,0.474215400175465,0.636606669582275,0.920041313064554
"2062","F11","week24 - week0",-0.225800865800866,0.22964473500461,82,-0.983261670668536,0.328370972472794,0.863674546256164
"2063","F11","week52 - week0",-0.533765367965369,0.22964473500461,82,-2.32430918982163,0.022583450163053,0.358389535196275
"2064","F11","week52 - week24",-0.307964502164502,0.22964473500461,82,-1.34104751915309,0.183607918182531,0.821359378462206
"2065","PRELP","week24 - week0",-0.168857142857144,0.101976627022231,82,-1.65584161574919,0.101576157517302,0.791659460123049
"2066","PRELP","week52 - week0",-0.0867385281385293,0.101976627022231,82,-0.850572632880084,0.397483676830963,0.936009948666461
"2067","PRELP","week52 - week24",0.0821186147186146,0.101976627022231,82,0.805268982869111,0.422993358716271,0.860062517129944
"2068","F2R","week24 - week0",-0.0539346320346325,0.213980606094882,82,-0.252053833377391,0.801630134884946,0.97244903805597
"2069","F2R","week52 - week0",-0.118839177489177,0.213980606094882,82,-0.555373590429418,0.580151168153586,0.989292669723712
"2070","F2R","week52 - week24",-0.064904545454545,0.213980606094882,82,-0.303319757052027,0.762414422103156,0.954091476599915
"2071","WFIKKN2","week24 - week0",-0.0269608225108221,0.134854300932794,82,-0.199925566513881,0.84203377120809,0.97244903805597
"2072","WFIKKN2","week52 - week0",-0.0690670995670999,0.134854300932794,82,-0.512160895791676,0.609915114559158,0.989292669723712
"2073","WFIKKN2","week52 - week24",-0.0421062770562778,0.134854300932794,82,-0.312235329277795,0.755654286724268,0.954091476599915
"2074","IL21R","week24 - week0",-0.0892205627705631,0.170399614952903,82,-0.523596035092115,0.601971772806883,0.939634152089483
"2075","IL21R","week52 - week0",0.0038939393939393,0.170399614952903,82,0.0228518086441425,0.981823998642324,0.995460443067912
"2076","IL21R","week52 - week24",0.0931145021645024,0.170399614952903,82,0.546447843736258,0.586241967061989,0.912487496706294
"2077","PGLYRP2","week24 - week0",-0.139891341991342,0.238077609152126,82,-0.587587142232915,0.558424069844798,0.939284725775812
"2078","PGLYRP2","week52 - week0",-0.665142424242424,0.238077609152126,82,-2.79380503950463,0.00648301374893747,0.205765218988015
"2079","PGLYRP2","week52 - week24",-0.525251082251081,0.238077609152126,82,-2.20621789727172,0.0301660301551319,0.821359378462206
"2080","CLEC4D","week24 - week0",-0.422091991341992,0.291449886847764,82,-1.44824894566683,0.151360448408897,0.836903694877573
"2081","CLEC4D","week52 - week0",-0.115049350649351,0.291449886847764,82,-0.394748311257523,0.694053542473302,0.989292669723712
"2082","CLEC4D","week52 - week24",0.307042640692641,0.291449886847764,82,1.05350063440931,0.295206030100301,0.821359378462206
"2083","HIF1A","week24 - week0",-0.32507922077922,0.292617644795611,82,-1.11093512835251,0.269843169453341,0.853267848645464
"2084","HIF1A","week52 - week0",-0.412731818181818,0.292617644795611,82,-1.41048164908205,0.16217980742848,0.784094896450321
"2085","HIF1A","week52 - week24",-0.0876525974025976,0.292617644795611,82,-0.29954652072954,0.765281040072444,0.954091476599915
"2086","RABGAP1L","week24 - week0",-0.397251082251085,0.408100643041775,82,-0.973414497194068,0.33321013023643,0.865582065676754
"2087","RABGAP1L","week52 - week0",-0.0342004329004336,0.408100643041775,82,-0.083803918184301,0.933416586082342,0.989292669723712
"2088","RABGAP1L","week52 - week24",0.363050649350652,0.408100643041775,82,0.889610579009767,0.376277513078427,0.827357182371241
"2089","GPI","week24 - week0",-0.135298701298701,0.350423554968241,82,-0.386100475782694,0.700422226751731,0.948787387030154
"2090","GPI","week52 - week0",0.212193722943723,0.350423554968241,82,0.605534987403898,0.546495950471397,0.989292669723712
"2091","GPI","week52 - week24",0.347492424242424,0.350423554968241,82,0.991635463186592,0.324292571856095,0.821359378462206
"2092","APOA1","week24 - week0",-0.079940909090911,0.207325096288526,82,-0.385582404262629,0.700804446986548,0.948787387030154
"2093","APOA1","week52 - week0",-0.139388961038963,0.207325096288526,82,-0.672320734606006,0.503269601409277,0.989292669723712
"2094","APOA1","week52 - week24",-0.0594480519480518,0.207325096288526,82,-0.286738330343377,0.775035952909246,0.954091476599915
"2095","CD5L","week24 - week0",-0.514523593073595,0.228829568133303,82,-2.2485013509,0.0272271270307417,0.621118835388796
"2096","CD5L","week52 - week0",-0.999206709956712,0.228829568133303,82,-4.36659789251813,3.65806968108959e-05,0.00381484409599343
"2097","CD5L","week52 - week24",-0.484683116883117,0.228829568133303,82,-2.11809654161812,0.0371947326627988,0.821359378462206
"2098","IL1RN","week24 - week0",-0.464749567099565,0.514662274327698,82,-0.903018523568036,0.369161153397479,0.865582065676754
"2099","IL1RN","week52 - week0",0.149383766233767,0.514662274327698,82,0.290255908943213,0.772353233764046,0.989292669723712
"2100","IL1RN","week52 - week24",0.614133333333333,0.514662274327698,82,1.19327443251125,0.236203003694247,0.821359378462206
"2101","IFNLR1","week24 - week0",-0.0114796536796543,0.218374594182881,82,-0.0525686319995655,0.958203465371751,0.994695336947633
"2102","IFNLR1","week52 - week0",-0.0360067099567106,0.21837459418288,82,-0.1648850686658,0.869440241520108,0.989292669723712
"2103","IFNLR1","week52 - week24",-0.0245270562770563,0.21837459418288,82,-0.112316436666235,0.910847005875674,0.970683670495244
"2104","KDM3A","week24 - week0",-0.294820129870129,0.380631051830081,82,-0.774556170476971,0.440829655390349,0.872102028279009
"2105","KDM3A","week52 - week0",-0.215131385281383,0.380631051830081,82,-0.565196623467864,0.573483190385888,0.989292669723712
"2106","KDM3A","week52 - week24",0.0796887445887456,0.380631051830081,82,0.209359547009107,0.83468682139187,0.970683670495244
"2107","LAP3","week24 - week0",0.0150603896103894,0.263320866045443,82,0.0571940607539639,0.954529748965052,0.994695336947633
"2108","LAP3","week52 - week0",0.0744235930735926,0.263320866045443,82,0.28263462061054,0.778169148837039,0.989292669723712
"2109","LAP3","week52 - week24",0.0593632034632031,0.263320866045443,82,0.225440559856576,0.822197473189015,0.969635146087207
"2110","CTRC","week24 - week0",-0.446623809523808,0.198506890908078,82,-2.24991589702861,0.0271333161521402,0.621118835388796
"2111","CTRC","week52 - week0",-0.497469264069265,0.198506890908078,82,-2.50605539079058,0.014185840972111,0.280800721681016
"2112","CTRC","week52 - week24",-0.0508454545454574,0.198506890908078,82,-0.256139493761969,0.798484614713747,0.961870905513259
"2113","PTX3","week24 - week0",-0.27703225108225,0.238510961275072,82,-1.16150741920306,0.248805469310107,0.853267848645464
"2114","PTX3","week52 - week0",-0.229548484848485,0.238510961275072,82,-0.96242320948826,0.338666615020981,0.916071137979956
"2115","PTX3","week52 - week24",0.0474837662337653,0.238510961275072,82,0.199084209714801,0.842689689896239,0.970683670495244
"2116","EGLN1","week24 - week0",-0.0949268398268384,0.483198990719167,82,-0.196454962965785,0.844740155482941,0.97244903805597
"2117","EGLN1","week52 - week0",0.436942424242424,0.483198990719167,82,0.904270150879461,0.368501220440434,0.925370007894372
"2118","EGLN1","week52 - week24",0.531869264069263,0.483198990719167,82,1.10072511384525,0.274237050117432,0.821359378462206
"2119","CEP164","week24 - week0",-0.106386147186147,0.262407123150201,82,-0.405424006440756,0.686221729009972,0.94553529381538
"2120","CEP164","week52 - week0",0.0897465367965347,0.262407123150201,82,0.34201257846634,0.733216439280455,0.989292669723712
"2121","CEP164","week52 - week24",0.196132683982682,0.262407123150201,82,0.747436584907096,0.456938119483294,0.870095040906987
"2122","CD4","week24 - week0",-0.280674675324676,0.133552736076941,82,-2.10160183586937,0.0386575796495797,0.664532756054073
"2123","CD4","week52 - week0",-0.107815151515152,0.133552736076941,82,-0.807285231902988,0.421837676596509,0.936315691338011
"2124","CD4","week52 - week24",0.172859523809525,0.133552736076941,82,1.29431660396638,0.199189326973955,0.821359378462206
"2125","IL5RA","week24 - week0",-0.108024025974027,0.124790099855213,82,-0.865645801224307,0.389210062129438,0.867924301148837
"2126","IL5RA","week52 - week0",-0.190305194805195,0.124790099855213,82,-1.52500234414426,0.131106316547259,0.703732434408081
"2127","IL5RA","week52 - week24",-0.0822811688311684,0.124790099855213,82,-0.659356542919948,0.511514360299683,0.891182537037634
"2128","ITIH4","week24 - week0",-0.334366233766234,0.279727448377086,82,-1.19532865189366,0.235404178352359,0.853267848645464
"2129","ITIH4","week52 - week0",-0.611247402597404,0.279727448377086,82,-2.18515346328621,0.0317310985821377,0.386061699416008
"2130","ITIH4","week52 - week24",-0.27688116883117,0.279727448377086,82,-0.989824811392557,0.325171579480083,0.821359378462206
"2131","COLEC12","week24 - week0",-0.239327056277057,0.168856361020711,82,-1.41734107516211,0.160171766559102,0.836903694877573
"2132","COLEC12","week52 - week0",-0.263927056277057,0.168856361020711,82,-1.56302702889994,0.121897536954585,0.682407315420834
"2133","COLEC12","week52 - week24",-0.0246000000000001,0.168856361020711,82,-0.145685953737821,0.884526841555753,0.970683670495244
"2134","CTSO","week24 - week0",0.152403463203463,0.168496100047741,82,0.904492526297535,0.368384049051672,0.865582065676754
"2135","CTSO","week52 - week0",0.243678354978354,0.168496100047741,82,1.44619581645695,0.15193385452586,0.764229796245391
"2136","CTSO","week52 - week24",0.0912748917748908,0.168496100047741,82,0.541703290159414,0.589491828281737,0.915593690735463
"2137","NELL2","week24 - week0",-0.109701298701298,0.0985450940616991,82,-1.11320913279168,0.268871284542178,0.853267848645464
"2138","NELL2","week52 - week0",-0.136809956709957,0.0985450940616991,82,-1.3882979971007,0.168806448204124,0.795023917348457
"2139","NELL2","week52 - week24",-0.0271086580086585,0.0985450940616991,82,-0.275088864309021,0.783939919333648,0.956983513567831
"2140","ITGA11","week24 - week0",-0.272845021645024,0.175863607255467,82,-1.55145812088727,0.124643131329218,0.836903694877573
"2141","ITGA11","week52 - week0",-0.113585497835498,0.175863607255466,82,-0.645872671487396,0.520165212850786,0.989292669723712
"2142","ITGA11","week52 - week24",0.159259523809525,0.175863607255466,82,0.905585449399878,0.367808522401096,0.821359378462206
"2143","CSF3R","week24 - week0",-0.0687567099567102,0.247059330217206,82,-0.27830039811191,0.78148233356266,0.97244903805597
"2144","CSF3R","week52 - week0",0.101261688311687,0.247059330217206,82,0.409867897814916,0.682971667543109,0.989292669723712
"2145","CSF3R","week52 - week24",0.170018398268398,0.247059330217206,82,0.688168295926826,0.493289028277665,0.878295099128526
"2146","DAPP1","week24 - week0",0.234792640692639,0.23665750840992,82,0.992119972318601,0.324057627231845,0.863674546256164
"2147","DAPP1","week52 - week0",0.311868614718614,0.23665750840992,82,1.31780570502086,0.191238540741546,0.825497707840298
"2148","DAPP1","week52 - week24",0.077075974025975,0.23665750840992,82,0.325685732702255,0.74549177236481,0.954091476599915
"2149","HLA-DRA","week24 - week0",-0.497374242424242,0.205958271702855,82,-2.41492724867019,0.0179627652287052,0.566092169081432
"2150","HLA-DRA","week52 - week0",-0.376892207792208,0.205958271702855,82,-1.82994450611805,0.0708921486673728,0.55054540986364
"2151","HLA-DRA","week52 - week24",0.120482034632034,0.205958271702855,82,0.584982742552137,0.560165600856859,0.908811914527359
"2152","LY6D","week24 - week0",-0.351913203463206,0.13964310851518,82,-2.52009001521869,0.0136723072070301,0.499039213056597
"2153","LY6D","week52 - week0",-0.395574891774893,0.13964310851518,82,-2.83275627405481,0.00580594494853273,0.192651809655859
"2154","LY6D","week52 - week24",-0.0436616883116874,0.13964310851518,82,-0.312666258836118,0.755328016503608,0.954091476599915
"2155","ABO","week24 - week0",0.122899783549788,0.497722235152806,82,0.2469244387124,0.805583853479548,0.97244903805597
"2156","ABO","week52 - week0",0.248096320346317,0.497722235152806,82,0.498463405538128,0.619491884843442,0.989292669723712
"2157","ABO","week52 - week24",0.125196536796529,0.497722235152806,82,0.251538966825728,0.802026760486601,0.961944236158492
"2158","TANK","week24 - week0",-0.0370551948051931,0.315117385621428,82,-0.117591718185013,0.90667872548488,0.98726931229402
"2159","TANK","week52 - week0",0.270496753246754,0.315117385621428,82,0.858399966454788,0.393173878332814,0.936009948666461
"2160","TANK","week52 - week24",0.307551948051947,0.315117385621428,82,0.975991684639801,0.331939126919988,0.821359378462206
"2161","IL1RL2","week24 - week0",-0.131870129870132,0.154577868579574,82,-0.853098383888296,0.396089816313259,0.867924301148837
"2162","IL1RL2","week52 - week0",-0.0437259740259756,0.154577868579574,82,-0.282873443836278,0.777986705276224,0.989292669723712
"2163","IL1RL2","week52 - week24",0.0881441558441561,0.154577868579574,82,0.570224940052018,0.570084292529939,0.910484685798641
"2164","PRKCQ","week24 - week0",0.258546320346319,0.240679190970821,82,1.0742362865,0.285867722238941,0.853267848645464
"2165","PRKCQ","week52 - week0",0.354834848484848,0.240679190970821,82,1.474306303979,0.144228123547755,0.738111226653297
"2166","PRKCQ","week52 - week24",0.0962885281385288,0.240679190970821,82,0.400070017479003,0.690145253185894,0.936442443913945
"2167","BLNK","week24 - week0",-0.480831168831171,0.255239253151976,82,-1.88384491371659,0.0631302878769621,0.728787311252389
"2168","BLNK","week52 - week0",-0.25472813852814,0.255239253151976,82,-0.997997507759782,0.321216529858163,0.910336885873302
"2169","BLNK","week52 - week24",0.226103030303031,0.255239253151976,82,0.88584740595681,0.378290239050062,0.829284908428063
"2170","ARHGAP45","week24 - week0",0.00490389610389706,0.253390704670137,82,0.0193531018049022,0.984606436527696,0.995622722354238
"2171","ARHGAP45","week52 - week0",0.249437662337663,0.253390704670137,82,0.984399418527923,0.327814859570579,0.916071137979956
"2172","ARHGAP45","week52 - week24",0.244533766233766,0.253390704670137,82,0.965046316723021,0.337359129311841,0.821359378462206
"2173","POLR2A","week24 - week0",0.019492424242423,0.253663452308281,82,0.0768436448571769,0.938935115916298,0.994695336947633
"2174","POLR2A","week52 - week0",0.0572220779220771,0.253663452308281,82,0.225582666329615,0.822087305167581,0.989292669723712
"2175","POLR2A","week52 - week24",0.0377296536796541,0.253663452308281,82,0.148739021472438,0.882124749601195,0.970683670495244
"2176","IL17F","week24 - week0",-0.278515800865802,0.289161385374105,82,-0.963184626140415,0.338286746739248,0.865582065676754
"2177","IL17F","week52 - week0",-0.627585714285715,0.289161385374105,82,-2.17036487591098,0.0328718159655412,0.387039123465244
"2178","IL17F","week52 - week24",-0.349069913419913,0.289161385374105,82,-1.20718024977056,0.230833453343181,0.821359378462206
"2179","SERPINF1","week24 - week0",-0.0954839826839828,0.186539942530588,82,-0.511868832962278,0.610118613822486,0.939634152089483
"2180","SERPINF1","week52 - week0",-0.388721212121213,0.186539942530588,82,-2.08384974739376,0.0402873062966132,0.432496082301877
"2181","SERPINF1","week52 - week24",-0.29323722943723,0.186539942530588,82,-1.57198091443148,0.119805784103865,0.821359378462206
"2182","APOF","week24 - week0",-0.149082900432901,0.163221416043265,82,-0.91337830565925,0.363721396485052,0.865582065676754
"2183","APOF","week52 - week0",-0.0749584415584419,0.163221416043265,82,-0.459243911586778,0.647274149889964,0.989292669723712
"2184","APOF","week52 - week24",0.0741244588744589,0.163221416043265,82,0.454134394072472,0.650931883934252,0.920041313064554
"2185","ENPP7","week24 - week0",-0.0568387445887444,0.165076282871909,82,-0.344318054658696,0.731488567500362,0.962012827338402
"2186","ENPP7","week52 - week0",-0.111403030303032,0.165076282871909,82,-0.674857880035226,0.50166447184695,0.989292669723712
"2187","ENPP7","week52 - week24",-0.0545642857142874,0.165076282871909,82,-0.330539825376529,0.741835180435472,0.954091476599915
"2188","PEPD","week24 - week0",-0.138952164502166,0.208876038641174,82,-0.665237455699123,0.507765433939814,0.920626399316496
"2189","PEPD","week52 - week0",-0.0226974025974035,0.208876038641173,82,-0.108664463119176,0.913734095824457,0.989292669723712
"2190","PEPD","week52 - week24",0.116254761904763,0.208876038641173,82,0.556572992579947,0.579335021081155,0.910484685798641
